name,gurobi_model_rows_mean,gurobi_model_rows_stddev,gurobi_model_cols_mean,gurobi_model_cols_stddev,gurobi_model_nonzeros_mean,gurobi_model_nonzeros_stddev,gurobi_solution_count_mean,gurobi_solution_count_stddev,gurobi_best_objective_mean,gurobi_best_objective_stddev,gurobi_best_bound_mean,gurobi_best_bound_stddev,gurobi_mip_mean,gurobi_mip_stddev,gurobi_status,gurobi_presolve_removed_rows_mean,gurobi_presolve_removed_rows_stddev,gurobi_presolve_removed_cols_mean,gurobi_presolve_removed_cols_stddev,gurobi_presolve_runtime_mean,gurobi_presolve_runtime_stddev,observer_runtime_model_load_mean,observer_runtime_model_load_stddev,observer_runtime_preproc_mean,observer_runtime_preproc_stddev,observer_runtime_init_gips_mean,observer_runtime_init_gips_stddev,observer_runtime_pm_mean,observer_runtime_pm_stddev,observer_runtime_build_gips_mean,observer_runtime_build_gips_stddev,observer_runtime_build_solver_mean,observer_runtime_build_solver_stddev,observer_runtime_build_mean,observer_runtime_build_stddev,observer_runtime_solve_problem_mean,observer_runtime_solve_problem_stddev,observer_runtime_solution_application_mean,observer_runtime_solution_application_stddev,observer_runtime_gips_save_mean,observer_runtime_gips_save_stddev,observer_runtime_model_validate_mean,observer_runtime_model_validate_stddev,observer_runtime_postproc_mean,observer_runtime_postproc_stddev,observer_runtime_export_mean,observer_runtime_export_stddev,observer_runtime_total_mean,observer_runtime_total_stddev,script_runtime_mean,script_runtime_stddev,out_of_memory_mean,out_of_memory_stddev,preprocessing,total_constraints_mean,total_constraints_stddev,redundant_constraints_mean,redundant_constraints_stddev,useless_constraints_mean,useless_constraints_stddev,constraint_cleanup_runtime_mean,constraint_cleanup_runtime_stddev,solution_costs_mean,solution_costs_stddev,solution_unscheduled_mean,solution_unscheduled_stddev,solution_delay_mean,solution_delay_stddev,solution_openOt_mean,solution_openOt_stddev,solution_ageMix_mean,solution_ageMix_stddev,solution_skill_mean,solution_skill_stddev,solution_excess_mean,solution_excess_stddev,solution_continuity_mean,solution_continuity_stddev,solution_surgeon_transfer_mean,solution_surgeon_transfer_stddev
i01.json,108532.0,0.0,55256.0,0.0,358677.0,0.0,10.0,0.0,3868.6666666666665,15.965240019770729,3749.0,1.632993161855452,3.091466666666667,0.43107348432591974,TIMELIMIT;TIMELIMIT;TIMELIMIT,53696.0,0.0,23954.0,0.0,0.8633333333333333,0.012472191289246483,0.4301494336666667,0.0053261334196473215,0.22654601266666666,0.0032690071451377312,1.9500519203333333,0.021435567441611975,0.7009983433333334,0.02675936032454548,0.48859192366666665,0.019049158694545727,0.44580253133333336,0.0029097747127108703,1.6363678103333335,0.021566778494240497,3600.2064464403334,0.027392960199638588,0.12362848633333334,0.005500338817063088,0.14580009866666666,0.005706790152428139,0.097833131,3.0353236063721727E-4,-1.0,-1.0,0.14212202633333335,0.005772786309321026,3604.9759187976665,0.007585373078453156,3606.505333333333,0.059801523577802766,0.0,0.0,NO_GT,108753.0,0.0,0.0,0.0,221.0,0.0,0.14,0.008164965809277256,3868.6666666666665,15.965240019770729,2800.0,0.0,470.0,16.32993161855452,240.0,0.0,11.666666666666666,10.274023338281626,216.66666666666666,38.58612300930075,3.3333333333333335,4.714045207910317,127.0,1.632993161855452,0.0,0.0
i02.json,111205.0,0.0,57081.0,0.0,382671.0,0.0,10.0,0.0,1355.0,20.016659728003237,1040.0,25.46893532652409,23.254766666666665,1.0670968257639768,TIMELIMIT;TIMELIMIT;TIMELIMIT,51215.0,0.0,21901.0,0.0,0.9633333333333333,0.004714045207910321,0.43511519466666665,0.0017539869093457449,0.23413878199999996,9.020069140758576E-4,1.9673832636666668,0.00663740256938321,0.7053956566666667,0.018378806726890566,0.5090887766666667,0.010244642090117504,0.4579721856666666,0.007927004050129296,1.6734519610000003,0.02954441529000114,3600.2736360016665,0.06602697916730112,0.142460884,0.010104828982377316,0.15751122433333334,0.0030351050787042356,0.10068232533333334,0.00204788779849,-1.0,-1.0,0.14114045333333333,0.002333431655088321,3605.142074169333,0.04532458459231865,3606.6363333333334,0.05046671070009793,0.0,0.0,NO_GT,111476.0,0.0,0.0,0.0,271.0,0.0,0.15,0.0,1355.0,20.016659728003237,0.0,0.0,695.0,38.94440481849308,240.0,0.0,16.666666666666668,6.236095644623235,175.0,12.24744871391589,3.3333333333333335,4.714045207910317,225.0,7.788880963698615,0.0,0.0
i03.json,129355.0,0.0,66175.0,0.0,428057.0,0.0,10.0,0.0,10553.333333333334,2.3570226039551585,10168.333333333334,2.8674417556808756,3.6481,0.04753889635516028,TIMELIMIT;TIMELIMIT;TIMELIMIT,66419.0,0.0,28533.666666666668,0.4714045207910317,1.1033333333333335,0.004714045207910321,0.4370849896666667,0.0015328453366262567,0.2639297216666667,0.0014287790412732069,1.97948942,0.009141195268076205,0.7473766416666666,0.012805652463615867,0.5681960723333334,0.029397764707997463,0.5028998983333334,0.01330357425398716,1.8194183503333334,0.042355225069712774,3600.2371188816664,0.060023799655653715,0.14389963566666664,0.006251176938096769,0.23652927333333332,0.029874546425106303,0.12588485233333332,0.005087112456487166,-1.0,-1.0,0.18071141,0.016273515203732252,3605.4427266056664,0.1483580120565637,3606.966,0.07711031059463277,0.0,0.0,NO_GT,129507.0,0.0,0.0,0.0,152.0,0.0,0.18333333333333335,0.012472191289246473,10553.333333333334,2.3570226039551585,7600.0,0.0,1800.0,0.0,400.0,0.0,16.666666666666668,10.274023338281626,118.33333333333333,2.3570226039551585,0.0,0.0,618.3333333333334,9.428090415820634,0.0,0.0
i04.json,455421.0,0.0,231939.0,0.0,1709257.0,0.0,10.0,0.0,2151.0,82.85328398239062,1214.6666666666667,1.247219128924647,43.4421,2.285820528096349,TIMELIMIT;TIMELIMIT;TIMELIMIT,155552.0,0.0,66509.0,0.0,8.33,0.03741657386774004,0.448116532,0.007134169117448359,0.4549583973333333,0.005114939172935252,2.1786617656666665,0.0201226800459896,2.158273283333333,0.09943520107639242,1.6443149606666667,0.03373057085446691,1.600777031,0.05934343354603424,5.404388877666666,0.09392077105234968,3600.4703942893334,0.0060361313376489055,0.42572887633333334,0.026583731266704033,0.5542729140000001,0.05044462620002437,0.26232273766666664,0.021422147896131023,-1.0,-1.0,0.42373076866666665,0.02757713584295609,3610.6522670960003,0.11486383532936931,3611.9066666666663,0.1314973595002313,0.0,0.0,NO_GT,455769.0,0.0,0.0,0.0,348.0,0.0,0.6833333333333332,0.026246692913372675,2151.0,82.85328398239062,0.0,0.0,1130.0,73.824115301167,286.6666666666667,9.428090415820634,85.0,7.0710678118654755,180.0,5.0990195135927845,125.0,22.73030282830976,344.3333333333333,3.39934634239519,0.0,0.0
i05.json,1732122.0,0.0,877976.0,0.0,6677011.0,0.0,10.0,0.0,13176.0,57.39337940912697,12049.002156683333,317.16486393693737,8.562133333333334,2.0180531812175366,TIMELIMIT;TIMELIMIT;TIMELIMIT,555702.0,0.0,237612.0,0.0,48.15333333333333,0.18624953392931828,0.4538767776666666,0.004525985028912087,1.2436721403333333,0.06256802958569878,2.8225699336666668,0.055950005235929405,7.549939191,0.2936650058856916,5.44846101,0.13065830045604304,5.872753091333333,0.084187270163641,18.872344786,0.3846739258953603,3601.2472132829994,0.12889513089641652,1.659647401,0.12159152080952745,1.7041959806666667,0.028215247597461558,0.7747294353333333,0.04994641541670793,-1.0,-1.0,1.2778580126666668,0.020095143358544332,3630.126208869333,0.42607402625396146,3631.4239999999995,0.4289545430462363,0.0,0.0,NO_GT,1732720.0,0.0,0.0,0.0,598.0,0.0,2.58,0.14165686240583833,13176.0,57.39337940912697,8500.0,0.0,3816.6666666666665,61.282587702834114,480.0,0.0,10.0,4.08248290463863,36.666666666666664,9.428090415820634,3.3333333333333335,4.714045207910317,329.3333333333333,9.46337971105226,0.0,0.0
i06.json,944803.0,0.0,479290.0,0.0,3451061.0,0.0,10.0,0.0,10699.333333333334,6.548960901462833,10455.333333333334,1.699673171197595,2.2805000000000004,0.04437664550939689,TIMELIMIT;TIMELIMIT;TIMELIMIT,382502.3333333333,0.4714045207910317,166534.0,0.0,20.29,0.10424330514074609,0.45869520533333336,0.005645908459826838,0.9416447283333333,0.013457400061564219,2.456421149,0.0074817165635318005,3.996343762,0.10256235628044282,3.1852645396666666,0.056399022318922735,3.1560651526666668,0.031747190011373085,10.338794205333334,0.1477968532970328,3601.0934047513333,0.17815791669813968,0.8692679243333333,0.0664177994791875,1.0817142966666669,0.05902509428312664,0.585099472,0.06095896645361029,-1.0,-1.0,0.8438926050000001,0.06081757805564555,3618.71913128,0.1674406459914011,3619.973,0.16746940019009068,0.0,0.0,NO_GT,945285.0,0.0,0.0,0.0,482.0,0.0,1.5233333333333334,0.026246692913372727,10699.333333333334,6.548960901462833,9900.0,0.0,270.0,8.16496580927726,240.0,0.0,11.666666666666666,1.247219128924647,41.666666666666664,1.247219128924647,0.0,0.0,236.0,0.816496580927726,0.0,0.0
i07.json,1132974.0,0.0,581442.0,0.0,4573533.0,0.0,10.0,0.0,5758.666666666667,39.20317447463775,2018.6713408066669,6.234849807123806,64.94313333333332,0.3478592850884129,TIMELIMIT;TIMELIMIT;TIMELIMIT,317439.0,0.0,129722.0,0.0,27.91,0.19200694431886198,0.45573162466666667,0.001361944226906109,0.7789257983333333,0.036392531352827155,2.615571617,0.040877124696247935,4.949690051666667,0.06253119426138024,3.662720531666667,0.05818450586404805,3.9365741476666667,0.10325305279746817,12.550335731333334,0.180068180078783,3600.9112103373336,0.04154869174524161,1.083664127,0.05170656389024919,1.1096828429999999,0.018969820477975498,0.507515539,0.02684284677472873,-1.0,-1.0,0.875441346,0.042343608398182415,3620.9368122653327,0.16176893319944594,3622.2433333333333,0.18653745527951343,0.0,0.0,NO_GT,1133607.0,0.0,0.0,0.0,633.0,0.0,1.75,0.053541261347363416,5758.666666666667,39.20317447463775,0.0,0.0,2240.0,56.568542494923804,366.6666666666667,9.428090415820634,143.33333333333334,9.428090415820634,543.3333333333334,18.856180831641268,75.0,14.719601443879746,2390.0,36.2859017617954,0.3333333333333333,0.4714045207910317
i08.json,6428321.0,0.0,3256817.0,0.0,2.6134669E7,0.0,0.3333333333333333,0.4714045207910317,6691249.0,0.0,-1.0,-1.0,100.009,0.0,TIMELIMIT;OUT_OF_MEMORY;OUT_OF_MEMORY,1728872.0,0.0,728788.0,0.0,208.0533333333333,0.5677049311824608,0.487437731,0.005034020452484741,2.832463655333333,0.020049202052637976,4.507089914333333,0.022877741120060805,27.614365037333332,0.4210718070245769,19.958365956,0.13667896881229857,22.168693967333336,0.2260720672034701,69.74265669900001,0.24412710851336772,3605.049812577,0.0,5.709141091,0.0,5.005348924,0.0,2.305844374,0.0,-1.0,-1.0,15.96438888,0.0,3711.352252113,0.0,1942.1246666666666,1260.1419696950375,0.6666666666666666,0.4714045207910317,NO_GT,6429563.0,0.0,0.0,0.0,1242.0,0.0,10.566666666666666,0.17441967269268185,24929.0,0.0,4000.0,0.0,9430.0,0.0,2520.0,0.0,480.0,0.0,5830.0,0.0,701.0,0.0,1548.0,0.0,420.0,0.0
i09.json,1783732.0,0.0,905735.0,0.0,7150427.0,0.0,10.0,0.0,7864.0,142.4944443361448,2969.0,1.414213562373095,62.233466666666665,0.6742522047094496,TIMELIMIT;TIMELIMIT;TIMELIMIT,539000.0,0.0,228990.0,0.0,50.85333333333333,0.35264083081168496,0.4586521186666667,0.00893248083354533,1.2166655156666666,0.03268312792797148,2.7591134150000003,0.0922860900638772,7.258755156666666,0.43690546708730577,5.587037626,0.06601725010372093,6.050003637,0.08204272346048377,18.897157473666667,0.4596287870684113,3601.157241753,0.057184112593502465,1.4760032433333334,0.05662828502568591,1.5705294033333335,0.0829021484354434,0.7287332733333333,0.005913200812011394,-1.0,-1.0,1.389711902,0.11470478449058272,3629.7176506766664,0.28012940778163387,3630.995666666667,0.26922274957534287,0.0,0.0,NO_GT,1784261.0,0.0,0.0,0.0,529.0,0.0,2.7699999999999996,0.07788880963698606,7864.0,142.4944443361448,0.0,0.0,4450.0,93.54143466934853,446.6666666666667,9.428090415820634,176.66666666666666,22.48456260538674,150.66666666666666,8.806563209081936,220.0,5.715476066494082,2410.0,34.88074922742725,10.0,14.142135623730951
i10.json,1856359.0,0.0,945411.0,0.0,6933959.0,0.0,10.0,0.0,22938.333333333332,115.78236288638936,15116.666666666666,4.714045207910317,34.0969,0.35179391694570467,TIMELIMIT;TIMELIMIT;TIMELIMIT,667222.0,0.0,282507.0,0.0,49.03,0.2041241452319315,0.46819663499999997,0.0011851526535061468,1.4111117149999999,0.017006890233338345,2.821799185333333,0.025243618828953762,8.075942751333333,0.16353649909056073,5.960818374666666,0.15297092080142485,6.3844458956666665,0.04530733592537139,20.422444107666667,0.22079930901357633,3601.4204333183334,0.17683074194873652,1.7583663716666666,0.15654907455469,1.9813686166666666,0.11080197697991724,0.9539086036666666,0.017936401008268717,-1.0,-1.0,1.736133572,0.0928593237819814,3633.0417380019994,0.05225374129057207,3634.3123333333333,0.07929831159747482,0.0,0.0,NO_GT,1856873.0,0.0,0.0,0.0,514.0,0.0,2.9066666666666667,0.06649979114419996,22938.333333333332,115.78236288638936,14800.0,141.4213562373095,2596.6666666666665,37.04351795148811,460.0,0.0,273.3333333333333,4.714045207910317,1536.6666666666667,26.562295750848715,153.33333333333334,41.899350299921785,3118.3333333333335,22.484562605386735,0.0,0.0
i11.json,2901465.0,0.0,1470020.0,0.0,1.1815901E7,0.0,10.0,0.0,29246.666666666668,1614.737199120099,24957.666666666668,19.90533150244482,14.407666666666666,4.660631634112365,TIMELIMIT;TIMELIMIT;TIMELIMIT,727043.0,0.0,308157.0,0.0,91.42,0.2550816862627863,0.46382263166666665,7.232009175714841E-4,1.4603096006666665,0.04296231986122796,3.120382270666667,0.05828346807313606,13.517509986,0.3390824269913521,9.242692464000001,0.22791856904310565,9.907947248666666,0.1082865442996709,32.669290663999995,0.441817098548494,3602.5972865783333,1.0316755106517457,2.6736777423333336,0.18651791081363733,2.114441497666667,0.05460656314181579,1.0201315366666666,0.07525159164657101,-1.0,-1.0,1.9208435686666665,0.08132456814373758,3648.1084203213336,1.033421037189183,3649.427,1.0326396596424863,0.0,0.0,NO_GT,2902168.0,0.0,0.0,0.0,703.0,0.0,4.833333333333333,0.11115554667022069,29246.666666666668,1614.737199120099,27666.666666666668,1699.673171197595,646.6666666666666,57.20334100576837,520.0,14.142135623730951,14.666666666666666,6.79869268479038,53.0,14.352700094407323,16.666666666666668,23.57022603955158,329.0,10.98483803552272,0.0,0.0
i12.json,1847823.0,0.0,944509.0,0.0,7341060.0,0.0,10.0,0.0,16189.333333333334,479.19678166235167,6442.0,5.715476066494082,60.17313333333333,1.1907893469832904,TIMELIMIT;TIMELIMIT;TIMELIMIT,601016.0,0.0,257445.0,0.0,50.403333333333336,0.1862495339293197,0.459525271,0.005300653136726898,1.2410958859999999,0.025622009217569654,2.731976657666667,0.09093804843700418,8.333242357333333,0.5751986203330984,6.0735152506666665,0.26578760942539076,6.3679859169999995,0.2048643404297822,20.775894316,0.8491226217723942,3601.1629901829997,0.02568394534693429,1.7606067956666667,0.05340532637173698,1.6984002386666666,0.03156155544934705,0.7555391806666667,0.04100022677184488,-1.0,-1.0,1.333589742,0.0963856824415034,3631.9887197296666,0.8662666885837851,3633.266,0.8510374061501028,0.0,0.0,NO_GT,1848472.0,0.0,0.0,0.0,649.0,0.0,3.02,0.14445299120013635,16189.333333333334,479.19678166235167,7600.0,432.04937989385735,1585.0,46.36809247747852,750.0,24.49489742783178,71.0,3.7416573867739413,1880.0,118.60297916438131,965.0,7.0710678118654755,3325.0,110.07573150638912,13.333333333333334,4.714045207910317
i13.json,1621810.0,0.0,847019.0,0.0,6464156.0,0.0,10.0,0.0,22462.333333333332,1091.468837036689,12693.333333333334,230.98965825816148,43.40136666666667,1.9089889057357614,TIMELIMIT;TIMELIMIT;TIMELIMIT,566193.0,0.0,222362.0,0.0,40.25666666666666,0.18116904322268274,0.469746328,0.005293811671231493,1.3452168383333334,0.06810558539381607,2.7077572033333333,0.02030395023161921,7.000046993999999,0.21766657026359656,5.1989154153333335,0.17919214599541655,5.581492897333334,0.0754458825570014,17.781636627,0.0610196165972951,3601.1817487480002,0.08756570515430823,1.5495986513333333,0.05788867193995423,1.6914226826666665,0.025480393285940258,0.8065302703333334,0.03656984305309669,-1.0,-1.0,1.5907917406666667,0.09889699715533713,3629.191365721667,0.11263930325133562,3630.4576666666667,0.12036149255011601,0.0,0.0,NO_GT,1622324.0,0.0,0.0,0.0,514.0,0.0,2.4866666666666664,0.12229290885229428,22462.333333333332,1091.468837036689,11500.0,1471.9601443879744,6920.0,382.29569707230553,296.6666666666667,9.428090415820634,271.6666666666667,30.64129385141706,262.3333333333333,23.584363935078304,315.0,31.822423959633664,2893.3333333333335,45.52166761249221,3.3333333333333335,4.714045207910317
i14.json,4241975.0,0.0,2157884.0,0.0,1.8017188E7,0.0,4.0,4.242640687119285,9706406.666666666,6849002.816860731,5034.0,0.0,91.77316666666667,11.58556748612495,TIMELIMIT;TIMELIMIT;TIMELIMIT,868387.0,0.0,358202.0,0.0,158.1,1.2702755606560334,0.4762528753333333,8.809484211406725E-4,1.8751635253333332,0.03374107928039123,3.297478727666667,0.059489718467772894,19.41033411966667,0.519694178030888,13.728646978666667,0.5776969400091037,14.574126013999999,0.16222807742910267,47.71429271633334,0.6554917641485525,3603.0929852820004,0.13455547007674834,4.542029019,0.18386892188967616,2.829017567333333,0.1125426599139006,1.1374215753333334,0.016950952240007543,-1.0,-1.0,4.15033202,0.9691756336071646,3669.1943202173334,0.32485602237118616,3670.4953333333337,0.3298346387038499,0.0,0.0,NO_GT,4243358.0,0.0,0.0,0.0,1383.0,0.0,7.349999999999999,0.27940412786261165,24554.666666666668,2901.7035609371874,15866.666666666666,1837.2685039360892,1451.6666666666667,87.3053390247253,1450.0,282.842712474619,37.666666666666664,10.96458946893235,356.6666666666667,42.279493321887806,900.0,502.0624131187941,4471.666666666667,205.48046676563254,20.333333333333332,12.498888839501783
i15.json,3749900.0,0.0,1928981.0,0.0,1.571728E7,0.0,10.0,0.0,25132.0,5428.462213187083,1838.0,555.3563420603627,92.78776666666666,0.9844345461002294,TIMELIMIT;TIMELIMIT;TIMELIMIT,980125.0,0.0,391547.0,0.0,128.87666666666667,0.28429249413626434,0.473786973,0.00646673140628576,1.8000035836666666,0.013324121826634738,3.5674666113333333,0.0946379178872879,16.37684503766667,0.6869922934887397,11.897172093333333,0.18030316567500215,12.721491520999999,0.23137067097231195,40.996867996,1.079838388177571,3602.662237379333,0.08927385064407993,3.6315594376666667,0.23611952931969665,2.86173479,0.17455459272085383,1.29813392,0.012832125750011959,-1.0,-1.0,4.986577553333333,0.0757240379791594,3662.3594266723335,1.170970173036452,3663.607,1.1631692338892525,0.0,0.0,NO_GT,3750651.0,0.0,0.0,0.0,751.0,0.0,6.28,0.12027745701779141,25132.0,5428.462213187083,15283.333333333334,7013.5979037549305,5130.0,891.2911982062877,260.0,43.20493798938573,62.0,8.286535263104035,558.3333333333334,47.84233364802441,456.6666666666667,234.42601296689656,3370.0,395.2425415699412,11.666666666666666,4.714045207910317
i16.json,3304908.0,0.0,1684642.0,0.0,1.3663492E7,0.0,0.0,0.0,-1.0,-1.0,1415.3333333333333,319.85031221216934,-1.0,-1.0,TIMELIMIT;TIMELIMIT;TIMELIMIT,878431.0,0.0,373766.0,0.0,102.58999999999999,0.569619756211686,0.476330628,0.004512799340567441,1.5373430810000002,0.030529077035182067,3.1758305816666663,0.02893439651511223,13.536981534,0.6847416731258613,10.853056490999998,0.058226148641469154,11.323146215000001,0.3019777286338121,35.714440401,0.6630575591419934,3601.619740808333,0.07049761761630795,-1.0,-1.0,-1.0,-1.0,-1.0,-1.0,-1.0,-1.0,-1.0,-1.0,-1.0,-1.0,3643.852666666666,0.6436693423041396,0.0,0.0,NO_GT,3305732.0,0.0,0.0,0.0,824.0,0.0,5.669999999999999,0.08041558721209899,-1.0,-1.0,-1.0,-1.0,-1.0,-1.0,-1.0,-1.0,-1.0,-1.0,-1.0,-1.0,-1.0,-1.0,-1.0,-1.0,-1.0,-1.0
i17.json,2.6095872E7,0.0,1.3258694E7,0.0,1.094462E8,0.0,0.0,0.0,-1.0,-1.0,-1.0,-1.0,-1.0,-1.0,OUT_OF_MEMORY;OUT_OF_MEMORY;OUT_OF_MEMORY,-1.0,-1.0,-1.0,-1.0,-1.0,-1.0,0.5119159556666667,0.004060853385331233,9.660714335,0.08185374637624705,10.772592590666667,0.12138797449679607,109.64346584750001,0.8810640875000004,81.384238262,1.723522297999999,97.3784809345,0.36653497849999894,288.4076128915,2.971145611499992,-1.0,-1.0,-1.0,-1.0,-1.0,-1.0,-1.0,-1.0,-1.0,-1.0,-1.0,-1.0,-1.0,-1.0,2710.793,3386.688330502331,0.6666666666666666,0.4714045207910317,NO_GT,2.6097094E7,0.0,0.0,0.0,1222.0,0.0,43.53666666666667,1.3270100058234513,-1.0,-1.0,-1.0,-1.0,-1.0,-1.0,-1.0,-1.0,-1.0,-1.0,-1.0,-1.0,-1.0,-1.0,-1.0,-1.0,-1.0,-1.0
i18.json,9281278.0,0.0,4708224.0,0.0,3.9139673E7,0.0,0.0,0.0,-1.0,-1.0,-1.0,-1.0,-1.0,-1.0,OUT_OF_MEMORY;OUT_OF_MEMORY;OUT_OF_MEMORY,1989288.0,0.0,827768.0,0.0,365.04333333333335,2.1638905291678183,0.4962718796666667,6.408652689114112E-4,3.3584257980000003,0.04950834089184059,5.040578589333333,0.06504563318121044,40.862421528666665,0.5827426560760144,29.297757416,0.7580220976216414,33.61552500766667,1.291874433694902,103.77690194899999,1.4486966905023215,-1.0,-1.0,-1.0,-1.0,-1.0,-1.0,-1.0,-1.0,-1.0,-1.0,-1.0,-1.0,-1.0,-1.0,697.5806666666667,18.17566874209095,1.0,0.0,NO_GT,9282515.0,0.0,0.0,0.0,1237.0,0.0,15.516666666666667,0.030912061651652518,-1.0,-1.0,-1.0,-1.0,-1.0,-1.0,-1.0,-1.0,-1.0,-1.0,-1.0,-1.0,-1.0,-1.0,-1.0,-1.0,-1.0,-1.0
i19.json,3.7498644E7,0.0,1.9087207E7,0.0,1.64352455E8,0.0,0.0,0.0,-1.0,-1.0,-1.0,-1.0,-1.0,-1.0,OUT_OF_MEMORY;OUT_OF_MEMORY;OUT_OF_MEMORY,6975415.0,0.0,2825834.0,0.0,1235.69,0.0,0.5247575903333334,0.0037050899842244133,11.392966131,0.14917902479910075,12.084476546333335,0.3084188921110169,180.321619826,0.0,127.603530941,0.0,136.533264568,0.0,444.459705194,0.0,-1.0,-1.0,-1.0,-1.0,-1.0,-1.0,-1.0,-1.0,-1.0,-1.0,-1.0,-1.0,-1.0,-1.0,637.721,776.3261147005169,1.0,0.0,NO_GT,3.75007E7,0.0,0.0,0.0,2056.0,0.0,66.49,0.0,-1.0,-1.0,-1.0,-1.0,-1.0,-1.0,-1.0,-1.0,-1.0,-1.0,-1.0,-1.0,-1.0,-1.0,-1.0,-1.0,-1.0,-1.0
i20.json,3124066.0,0.0,1607766.0,0.0,1.2921916E7,0.0,0.0,0.0,-1.0,-1.0,21043.00109295,3117.6345976385132,-1.0,-1.0,TIMELIMIT;TIMELIMIT;TIMELIMIT,1027362.0,0.0,445723.0,0.0,104.83999999999999,0.5853204250664741,0.47920103233333333,0.0029382133190488644,1.8020285596666668,0.07703216397358637,3.203208568333333,0.042538999052761435,12.852595576,0.3410810561920059,10.295722083333333,0.23397046817983475,10.605075300333333,0.13188758181803903,33.754612807,0.2962524418928423,3601.8138142246667,0.08973468932469367,-1.0,-1.0,-1.0,-1.0,-1.0,-1.0,-1.0,-1.0,-1.0,-1.0,-1.0,-1.0,3642.3386666666665,0.22697185337003425,0.0,0.0,NO_GT,3125160.0,0.0,0.0,0.0,1094.0,0.0,5.31,0.22375581929117896,-1.0,-1.0,-1.0,-1.0,-1.0,-1.0,-1.0,-1.0,-1.0,-1.0,-1.0,-1.0,-1.0,-1.0,-1.0,-1.0,-1.0,-1.0
i21.json,2.043812E7,0.0,1.0427837E7,0.0,8.7189885E7,0.0,0.0,0.0,-1.0,-1.0,-1.0,-1.0,-1.0,-1.0,OUT_OF_MEMORY;OUT_OF_MEMORY;OUT_OF_MEMORY,3287089.0,924267.0,1005840.5,678465.5,315.125,236.06500000000003,0.50676047,0.004739119086852598,7.000812437666667,0.09029105304926123,8.502694494333333,0.06687623380831968,91.66297417133332,1.6825814527356118,67.988488833,6.357570394484631,74.94135769033333,0.2910409983855934,234.59397799500002,8.13961638576895,-1.0,-1.0,-1.0,-1.0,-1.0,-1.0,-1.0,-1.0,-1.0,-1.0,-1.0,-1.0,-1.0,-1.0,473.4863333333333,240.92729139214498,1.0,0.0,NO_GT,2.043939E7,0.0,0.0,0.0,1270.0,0.0,34.23,0.5299056519796732,-1.0,-1.0,-1.0,-1.0,-1.0,-1.0,-1.0,-1.0,-1.0,-1.0,-1.0,-1.0,-1.0,-1.0,-1.0,-1.0,-1.0,-1.0
i22.json,-1.0,-1.0,-1.0,-1.0,-1.0,-1.0,0.0,0.0,-1.0,-1.0,-1.0,-1.0,-1.0,-1.0,OUT_OF_MEMORY;OUT_OF_MEMORY;OUT_OF_MEMORY,-1.0,-1.0,-1.0,-1.0,-1.0,-1.0,0.5343552453333333,0.0034413506427498942,11.476597378666668,0.09667160616311823,11.945766304000001,0.4844460707802606,-1.0,-1.0,-1.0,-1.0,-1.0,-1.0,-1.0,-1.0,-1.0,-1.0,-1.0,-1.0,-1.0,-1.0,-1.0,-1.0,-1.0,-1.0,-1.0,-1.0,-1.0,-1.0,120.35899999999998,46.28716021389373,1.0,0.0,NO_GT,-1.0,-1.0,-1.0,-1.0,-1.0,-1.0,-1.0,-1.0,-1.0,-1.0,-1.0,-1.0,-1.0,-1.0,-1.0,-1.0,-1.0,-1.0,-1.0,-1.0,-1.0,-1.0,-1.0,-1.0,-1.0,-1.0
i23.json,3.5001665E7,0.0,1.7739497E7,0.0,1.53236524E8,0.0,0.0,0.0,-1.0,-1.0,-1.0,-1.0,-1.0,-1.0,OUT_OF_MEMORY;OUT_OF_MEMORY;OUT_OF_MEMORY,-1.0,-1.0,-1.0,-1.0,-1.0,-1.0,0.5419821786666668,0.005989608146503531,10.578167381333332,0.15378308743854327,11.252741265333334,0.17666681545440044,166.938073634,0.0,116.490376558,0.0,136.332837728,0.0,419.762565767,0.0,-1.0,-1.0,-1.0,-1.0,-1.0,-1.0,-1.0,-1.0,-1.0,-1.0,-1.0,-1.0,-1.0,-1.0,2680.9346666666665,3411.6813198965237,0.6666666666666666,0.4714045207910317,NO_GT,3.5004798E7,0.0,0.0,0.0,3133.0,0.0,61.805,0.8250000000000028,-1.0,-1.0,-1.0,-1.0,-1.0,-1.0,-1.0,-1.0,-1.0,-1.0,-1.0,-1.0,-1.0,-1.0,-1.0,-1.0,-1.0,-1.0
i24.json,-1.0,-1.0,-1.0,-1.0,-1.0,-1.0,0.0,0.0,-1.0,-1.0,-1.0,-1.0,-1.0,-1.0,OUT_OF_MEMORY;OUT_OF_MEMORY;OUT_OF_MEMORY,-1.0,-1.0,-1.0,-1.0,-1.0,-1.0,0.5456215533333333,0.006370067607534581,17.435417665000003,0.08584327975104072,17.329477339333334,0.625207654561242,-1.0,-1.0,-1.0,-1.0,-1.0,-1.0,-1.0,-1.0,-1.0,-1.0,-1.0,-1.0,-1.0,-1.0,-1.0,-1.0,-1.0,-1.0,-1.0,-1.0,-1.0,-1.0,68.96866666666666,8.130574901089233,1.0,0.0,NO_GT,-1.0,-1.0,-1.0,-1.0,-1.0,-1.0,-1.0,-1.0,-1.0,-1.0,-1.0,-1.0,-1.0,-1.0,-1.0,-1.0,-1.0,-1.0,-1.0,-1.0,-1.0,-1.0,-1.0,-1.0,-1.0,-1.0
i25.json,1.8395625E7,0.0,9363321.0,0.0,8.0776962E7,0.0,0.0,0.0,-1.0,-1.0,-1.0,-1.0,-1.0,-1.0,OUT_OF_MEMORY;OUT_OF_MEMORY;OUT_OF_MEMORY,3098326.0,0.0,1240652.0,0.0,615.1833333333334,0.386637929966664,0.4926588986666666,0.0026633606734547846,5.019882839666667,0.11190422169932013,6.689083734666667,0.022488607215300632,85.70132060566668,2.271756272021269,62.438353127999996,0.8977018197410565,67.08180223366666,0.1531359130672817,215.22265242333333,1.865847564445742,-1.0,-1.0,-1.0,-1.0,-1.0,-1.0,-1.0,-1.0,-1.0,-1.0,-1.0,-1.0,-1.0,-1.0,856.9556666666667,2.200569825194268,1.0,0.0,NO_GT,1.8397074E7,0.0,0.0,0.0,1449.0,0.0,31.879999999999995,0.27580186124583556,-1.0,-1.0,-1.0,-1.0,-1.0,-1.0,-1.0,-1.0,-1.0,-1.0,-1.0,-1.0,-1.0,-1.0,-1.0,-1.0,-1.0,-1.0
i26.json,-1.0,-1.0,-1.0,-1.0,-1.0,-1.0,0.0,0.0,-1.0,-1.0,-1.0,-1.0,-1.0,-1.0,OUT_OF_MEMORY;OUT_OF_MEMORY;OUT_OF_MEMORY,-1.0,-1.0,-1.0,-1.0,-1.0,-1.0,0.5495527046666667,0.004940692468347059,15.641068430333334,0.032379113003097496,16.113734158666663,0.18179705961606812,-1.0,-1.0,-1.0,-1.0,-1.0,-1.0,-1.0,-1.0,-1.0,-1.0,-1.0,-1.0,-1.0,-1.0,-1.0,-1.0,-1.0,-1.0,-1.0,-1.0,-1.0,-1.0,85.91000000000001,16.249671258213194,1.0,0.0,NO_GT,-1.0,-1.0,-1.0,-1.0,-1.0,-1.0,-1.0,-1.0,-1.0,-1.0,-1.0,-1.0,-1.0,-1.0,-1.0,-1.0,-1.0,-1.0,-1.0,-1.0,-1.0,-1.0,-1.0,-1.0,-1.0,-1.0
i27.json,-1.0,-1.0,-1.0,-1.0,-1.0,-1.0,0.0,0.0,-1.0,-1.0,-1.0,-1.0,-1.0,-1.0,OUT_OF_MEMORY;OUT_OF_MEMORY;OUT_OF_MEMORY,-1.0,-1.0,-1.0,-1.0,-1.0,-1.0,0.550343755,0.0012809911393802732,17.851044716999997,0.034241248135344404,16.442019359333333,0.26541480356831565,-1.0,-1.0,-1.0,-1.0,-1.0,-1.0,-1.0,-1.0,-1.0,-1.0,-1.0,-1.0,-1.0,-1.0,-1.0,-1.0,-1.0,-1.0,-1.0,-1.0,-1.0,-1.0,72.683,5.516626324122383,1.0,0.0,NO_GT,-1.0,-1.0,-1.0,-1.0,-1.0,-1.0,-1.0,-1.0,-1.0,-1.0,-1.0,-1.0,-1.0,-1.0,-1.0,-1.0,-1.0,-1.0,-1.0,-1.0,-1.0,-1.0,-1.0,-1.0,-1.0,-1.0
i28.json,2.753427E7,0.0,1.398583E7,0.0,1.20115393E8,0.0,0.0,0.0,-1.0,-1.0,-1.0,-1.0,-1.0,-1.0,OUT_OF_MEMORY;OUT_OF_MEMORY;OUT_OF_MEMORY,-1.0,-1.0,-1.0,-1.0,-1.0,-1.0,0.5416337476666667,0.024703837501075875,8.220345918999998,0.1498160089150864,9.388753459,0.030879205774476674,130.221593214,1.4606867123052072,91.556674634,1.6781793229641149,102.71534628900001,2.063728153538574,324.4947680466667,1.5984922149179543,-1.0,-1.0,-1.0,-1.0,-1.0,-1.0,-1.0,-1.0,-1.0,-1.0,-1.0,-1.0,-1.0,-1.0,348.752,3.946405706462521,1.0,0.0,NO_GT,2.7535908E7,0.0,0.0,0.0,1638.0,0.0,47.59,0.09626352718795624,-1.0,-1.0,-1.0,-1.0,-1.0,-1.0,-1.0,-1.0,-1.0,-1.0,-1.0,-1.0,-1.0,-1.0,-1.0,-1.0,-1.0,-1.0
i29.json,1.9256999E7,0.0,9879598.0,0.0,8.5217192E7,0.0,0.0,0.0,-1.0,-1.0,-1.0,-1.0,-1.0,-1.0,OUT_OF_MEMORY;OUT_OF_MEMORY;OUT_OF_MEMORY,3288904.0,1.4142135623730951,1246066.3333333333,0.4714045207910317,676.0433333333334,49.084407798086836,0.5126111923333334,0.002601932365851381,5.668429455999999,0.05648690410563103,7.095216413333333,0.07684864740802103,89.310274038,2.912686448313861,63.79030417166667,0.0799704410737976,71.81380258733334,1.4768884114845786,224.91564099366667,2.578651886896973,-1.0,-1.0,-1.0,-1.0,-1.0,-1.0,-1.0,-1.0,-1.0,-1.0,-1.0,-1.0,-1.0,-1.0,1009.9876666666665,164.8443362414641,1.0,0.0,NO_GT,1.925842E7,0.0,0.0,0.0,1421.0,0.0,33.343333333333334,0.4297544518546469,-1.0,-1.0,-1.0,-1.0,-1.0,-1.0,-1.0,-1.0,-1.0,-1.0,-1.0,-1.0,-1.0,-1.0,-1.0,-1.0,-1.0,-1.0
i30.json,2.6803741E7,0.0,1.3649936E7,0.0,1.16243195E8,0.0,0.0,0.0,-1.0,-1.0,-1.0,-1.0,-1.0,-1.0,OUT_OF_MEMORY;OUT_OF_MEMORY;OUT_OF_MEMORY,-1.0,-1.0,-1.0,-1.0,-1.0,-1.0,0.5281840940000001,0.0019326294642038075,8.544093365333334,0.17245707742149086,9.302847323333333,0.24707529741330078,120.11444898999999,0.662276385962561,87.223459332,1.0357040182300759,99.49765839166666,1.6255137930891406,306.836761494,0.8413982565971492,-1.0,-1.0,-1.0,-1.0,-1.0,-1.0,-1.0,-1.0,-1.0,-1.0,-1.0,-1.0,-1.0,-1.0,329.52,4.707690091754124,1.0,0.0,NO_GT,2.6805426E7,0.0,0.0,0.0,1685.0,0.0,46.03333333333333,0.13888444437332867,-1.0,-1.0,-1.0,-1.0,-1.0,-1.0,-1.0,-1.0,-1.0,-1.0,-1.0,-1.0,-1.0,-1.0,-1.0,-1.0,-1.0,-1.0
