Instance;GIPS Preprocessing Time Mean;GIPS Preprocessing Time StdDev;MZ Preprocessing Time Mean;MZ Preprocessing Time StdDev;Preprocessing Time R;Preprocessing Time R Mean;Preprocessing Time R StdDev;GIPS Build Time Mean;GIPS Build Time StdDev;MZ Build Time Mean;MZ Build Time StdDev;Build Time R;Build Time R Mean;Build Time R StdDev;GIPS Constraints;MZ Constraints;Constraints R;Constraints R Mean;Constraints R StdDev;GIPS Variables;MZ Variables;Variables R;Variables R Mean;Variables R StdDev;GIPS NonZeros;MZ NonZeros;NonZeros R;NonZeros R Mean;NonZeros R StdDev;GIPS Presolve Time Mean;GIPS Presolve Time StdDev;MZ Presolve Time Mean;MZ Presolve Time StdDev;Presolve Time R;Presolve Time R Mean;Presolve Time R StdDev;GIPS Constraints Presolved Mean;GIPS Constraints Presolved StdDev;MZ Constraints Presolved Mean;MZ Constraints Presolved StdDev;Constraints Presolved R;Constraints Presolved R Mean;Constraints Presolved R StdDev;GIPS Variables Presolved Mean;GIPS Variables Presolved StdDev;MZ Variables Presolved Mean;MZ Variables Presolved StdDev;Variables Presolved R;Variables Presolved R Mean;Variables Presolved R StdDev;GIPS NonZeros Presolved Mean;GIPS NonZeros Presolved StdDev;MZ NonZeros Presolved Mean;MZ NonZeros Presolved StdDev;NonZeros Presolved R;NonZeros Presolved R Mean;NonZeros Presolved R StdDev
i01;0.2265;0.0033;0.1817;0.009;1.2466;;;1.6364;0.0216;12.11;0.0283;0.1351;;;108532.00;32432.00;3.3464;;;55256.00;39201.00;1.4096;;;358677.00;140944.00;2.5448;;;0.8633;0.0125;0.57;0.0082;1.5146;;;54836.00;0.00;13372.00;0.00;4.1008;;;31302.00;0.00;33346.00;0.00;0.9387;;;254794.6667;6.5997;107685.00;0.00;2.3661;;
i02;0.2341;0.0009;0.168;0.0036;1.3935;;;1.6735;0.0295;18.86;0.0216;0.0887;;;111205.00;51650.00;2.153;;;57081.00;63454.00;0.8996;;;382671.00;225427.00;1.6975;;;0.9633;0.0047;0.93;0.0082;1.0358;;;59990.00;0.00;17118.00;2.8284;3.5045;;;35180.00;0.00;46404.6667;10.3709;0.7581;;;277688.00;0.00;152336.00;29.6985;1.8229;;
i03;0.2639;0.0014;0.169;0.005;1.5615;;;1.8194;0.0424;16.74;0.0748;0.1087;;;129355.00;43838.00;2.9508;;;66175.00;55774.00;1.1865;;;428057.00;203558.00;2.1029;;;1.1033;0.0047;1.1967;0.0047;0.922;;;62936.00;0.00;17882.6667;3.7712;3.5194;;;37641.3333;0.4714;46994.6667;67.4108;0.801;;;292258.6667;12.4989;154754.00;319.6123;1.8885;;
i04;0.455;0.0051;0.1693;0.0033;2.6875;;;5.4044;0.0939;59.5867;0.2185;0.0907;;;455421.00;167498.00;2.719;;;231939.00;198673.00;1.1674;;;1709257.00;691915.00;2.4703;;;8.33;0.0374;3.4967;0.0386;2.3822;;;299869.00;0.00;46864.00;0.00;6.3987;;;165430.00;0.00;151838.00;0.00;1.0895;;;1389877.00;0.00;497153.00;0.00;2.7957;;
i05;1.2437;0.0626;0.1723;0.0017;7.2182;;;18.8723;0.3847;210.23;0.2758;0.0898;;;1732122.00;569553.00;3.0412;;;877976.00;659866.00;1.3305;;;6677011.00;2484462.00;2.6875;;;48.1533;0.1862;18.3033;0.0591;2.6309;;;1176420.00;0.00;141658.00;0.00;8.3046;;;640364.00;0.00;518854.00;0.00;1.2342;;;5504309.00;26.8701;1791508.00;0.00;3.0724;;
i06;0.9416;0.0135;0.1753;0.0037;5.3714;;;10.3388;0.1478;109.0167;0.4042;0.0948;;;944803.00;274704.00;3.4393;;;479290.00;331916.00;1.444;;;3451061.00;1240563.00;2.7819;;;20.29;0.1042;9.1767;0.0309;2.211;;;562300.6667;0.4714;92503.3333;8.0139;6.0787;;;312756.00;0.00;290844.3333;6.5997;1.0753;;;2631213.3333;15.7551;972649.6667;8.0139;2.7052;;
i07;0.7789;0.0364;0.1777;0.0021;4.3832;;;12.5503;0.1801;146.40;0.3234;0.0857;;;1132974.00;407629.00;2.7794;;;581442.00;482498.00;1.2051;;;4573533.00;1692853.00;2.7017;;;27.91;0.192;11.6967;0.066;2.3861;;;815535.00;0.00;105855.00;0.00;7.7043;;;451720.00;0.00;374643.00;0.00;1.2057;;;3851176.00;0.00;1243625.00;0.00;3.0967;;
i08;2.8325;0.02;0.1803;0.005;15.7099;;;69.7427;0.2441;686.1867;0.6438;0.1016;;;6428321.00;1800217.00;3.5709;;;3256817.00;2058187.00;1.5824;;;26134669.00;7641746.00;3.42;;;208.0533;0.5677;44.6867;0.0704;4.6558;;;4699449.00;0.00;448232.00;0.00;10.4844;;;2528029.00;0.00;1819202.00;0.00;1.3896;;;22255205.00;0.00;6209413.00;0.00;3.5841;;
i09;1.2167;0.0327;0.175;0.0036;6.9526;;;18.8972;0.4596;175.3633;0.4361;0.1078;;;1783732.00;466187.00;3.8262;;;905735.00;547811.00;1.6534;;;7150427.00;1982632.00;3.6065;;;50.8533;0.3526;11.82;0.0668;4.3023;;;1244732.00;0.00;132430.00;0.00;9.3992;;;676745.00;0.00;453245.00;0.00;1.4931;;;5932124.00;0.00;1507833.00;0.00;3.9342;;
i10;1.4111;0.017;0.178;0.005;7.9275;;;20.4224;0.2208;213.42;0.5604;0.0957;;;1856359.00;560375.00;3.3127;;;945411.00;683369.00;1.3835;;;6933959.00;2550805.00;2.7183;;;49.03;0.2041;23.3367;0.1694;2.101;;;1189137.00;0.00;168502.6667;1.8856;7.0571;;;662904.00;0.00;632982.00;62.2254;1.0473;;;5569900.00;0.00;2158426.3333;173.0055;2.5805;;
i11;1.4603;0.043;0.1787;0.004;8.1718;;;32.6693;0.4418;269.8467;1.5984;0.1211;;;2901465.00;725020.00;4.0019;;;1470020.00;840833.00;1.7483;;;11815901.00;2947515.00;4.0088;;;91.42;0.2551;18.31;0.4262;4.9929;;;2174422.00;0.00;189913.00;0.00;11.4496;;;1161863.00;0.00;681404.00;0.00;1.7051;;;10217158.00;22.6274;2256570.00;0.00;4.5277;;
i12;1.2411;0.0256;0.1797;0.0034;6.9065;;;20.7759;0.8491;193.4567;0.7476;0.1074;;;1847823.00;485034.00;3.8097;;;944509.00;603960.00;1.5639;;;7341060.00;2062123.00;3.56;;;50.4033;0.1862;16.63;0.0779;3.0309;;;1246807.00;0.00;142232.6667;40.8276;8.766;;;687064.00;0.00;555360.00;16.2686;1.2372;;;5874639.00;0.00;1783196.6667;107.0213;3.2944;;
i13;1.3452;0.0681;0.1733;0.0029;7.7623;;;17.7816;0.061;188.87;0.3966;0.0941;;;1621810.00;506051.00;3.2048;;;847019.00;637858.00;1.3279;;;6464156.00;2284307.00;2.8298;;;40.2567;0.1812;19.8633;0.1482;2.0267;;;1055617.00;0.00;148702.6667;37.7124;7.0988;;;624657.00;0.00;537472.3333;966.8507;1.1622;;;5109038.00;0.00;1776717.00;3336.1298;2.8755;;
i14;1.8752;0.0337;0.1773;0.0039;10.5764;;;47.7143;0.6555;540.80;2.1785;0.0882;;;4241975.00;1420301.00;2.9867;;;2157884.00;1690460.00;1.2765;;;18017188.00;5710167.00;3.1553;;;158.10;1.2703;34.3533;0.2829;4.6022;;;3373588.00;0.00;325529.3333;296.5134;10.3634;;;1799682.00;0.00;1477276.00;106.066;1.2182;;;15868252.00;0.00;4851041.6667;2605.9242;3.2711;;
i15;1.80;0.0133;0.18;0.0043;10.00;;;40.9969;1.0798;437.07;0.1393;0.0938;;;3749900.00;1168837.00;3.2082;;;1928981.00;1380804.00;1.397;;;15717280.00;4897581.00;3.2092;;;128.8767;0.2843;42.5867;0.3675;3.0262;;;2769775.00;0.00;276952.3333;44.7834;10.0009;;;1537434.00;0.00;1111756.00;9734.0319;1.3829;;;13261711.00;0.00;3729156.00;37572.8259;3.5562;;
i16;1.5373;0.0305;0.1833;0.0017;8.3868;;;35.7144;0.6631;377.3033;0.924;0.0947;;;3304908.00;962898.00;3.4323;;;1684642.00;1190237.00;1.4154;;;13663492.00;3984793.00;3.4289;;;102.59;0.5696;40.6133;0.3997;2.526;;;2426477.00;0.00;240871.3333;66.5649;10.0737;;;1310876.00;0.00;1043540.3333;176.9036;1.2562;;;11384709.00;0.00;3365083.6667;293.101;3.3832;;
i17;9.6607;0.0819;0.2063;0.0122;46.8284;;;288.4076;2.9711;2311.9033;9.6008;0.1247;;;26095872.00;6084632.00;4.2888;;;13258694.00;6909606.00;1.9189;;;109446200.00;26612543.00;4.1126;;;--;--;19.72;0.1657;--;;;--;--;1516978.00;0.00;--;;;--;--;6495540.00;0.00;--;;;--;--;23724915.00;0.00;--;;
i18;3.3584;0.0495;0.1903;0.0005;17.6479;;;103.7769;1.4487;1326.38;1.7374;0.0782;;;9281278.00;3483770.00;2.6641;;;4708224.00;4016814.00;1.1721;;;39139673.00;14557648.00;2.6886;;;365.0433;2.1639;11.31;0.0374;32.2762;;;7291990.00;0.00;792748.6667;0.4714;9.1984;;;3880456.00;0.00;3622306.00;7.7889;1.0713;;;34352526.00;0.00;12933751.00;15.5778;2.656;;
i19;11.393;0.1492;0.2367;0.0167;48.1327;;;444.4597;0.00;4579.5967;19.153;0.0971;;;37498644.00;11907324.00;3.1492;;;19087207.00;13306054.00;1.4345;;;164352455.00;50241369.00;3.2713;;;1235.69;0.00;15.9067;0.2859;77.6836;;;30523229.00;0.00;2467255.00;0.00;12.3713;;;16261373.00;0.00;11700076.00;0.00;1.3899;;;--;--;42549132.00;0.00;--;;
i20;1.802;0.077;0.2083;0.0132;8.651;;;33.7546;0.2963;395.0633;1.4193;0.0854;;;3124066.00;991525.00;3.1508;;;1607766.00;1232710.00;1.3043;;;12921916.00;4197988.00;3.0781;;;104.84;0.5853;50.6767;0.3112;2.0688;;;2096704.00;0.00;236595.00;72.1249;8.862;;;1162043.00;0.00;1048234.6667;3.2998;1.1086;;;9963727.00;0.00;3406931.6667;418.1358;2.9245;;
i21;7.0008;0.0903;0.1897;0.0096;36.9046;;;234.594;8.1396;1914.7267;10.7877;0.1225;;;20438120.00;5091564.00;4.0141;;;10427837.00;5817785.00;1.7924;;;87189885.00;21519529.00;4.0517;;;315.125;236.065;16.09;0.1715;19.5851;;;17151031.00;924267.00;1218385.00;4.2426;14.0769;;;9421996.50;678465.50;5218431.00;12.7279;1.8055;;;--;--;18794612.00;25.4558;--;;
i22;11.4766;0.0967;0.2027;0.0147;56.6186;;;--;--;2041.6033;689.8681;--;;;--;7835323.00;--;;;--;9214631.00;--;;;--;33537629.00;--;;;--;--;10.2267;0.4479;--;;;--;--;1857266.00;540.9368;--;;;--;--;7966244.6667;199790.4283;--;;;--;--;28449289.3333;728444.9068;--;;
i23;10.5782;0.1538;0.2253;0.0366;46.9516;;;419.7626;0.00;3387.6033;1197.6043;0.1239;;;35001665.00;13210138.00;2.6496;;;17739497.00;15018178.00;1.1812;;;153236524.00;55296173.00;2.7712;;;--;--;23.83;10.1682;--;;;--;--;2660593.3333;11758.243;--;;;--;--;12782037.00;785950.6015;--;;;--;--;46289163.00;2900102.2965;--;;
i24;17.4354;0.0858;0.2083;0.0109;83.7033;;;--;--;3273.8833;28.3976;--;;;--;17332709.00;--;;;--;19819382.00;--;;;--;70638367.00;--;;;--;--;21.3533;0.0236;--;;;--;--;3349982.6667;0.4714;--;;;--;--;16351558.6667;0.4714;--;;;--;--;58361158.3333;0.9428;--;;
i25;5.0199;0.1119;0.21;0.0071;23.9043;;;215.2227;1.8658;1235.17;433.1454;0.1742;;;18395625.00;4983068.00;3.6916;;;9363321.00;5723695.00;1.6359;;;80776962.00;20057740.00;4.0272;;;615.1833;0.3866;6.1467;0.3633;100.0835;;;15297299.00;0.00;1179469.3333;470.4617;12.9696;;;8122669.00;0.00;4970091.3333;1036.1471;1.6343;;;--;--;17407226.6667;3506.3068;--;;
i26;15.6411;0.0324;0.1937;0.0033;80.7491;;;--;--;4321.6133;2051.0968;--;;;--;14886229.00;--;;;--;17085138.00;--;;;--;62562124.00;--;;;--;--;26.3433;10.576;--;;;--;--;2919540.6667;2314.5962;--;;;--;--;14778437.6667;686611.5268;--;;;--;--;53440848.3333;2626817.3107;--;;
i27;17.851;0.0342;0.2123;0.0121;84.0838;;;--;--;3219.4233;37.4532;--;;;--;17292649.00;--;;;--;19614293.00;--;;;--;73070806.00;--;;;--;--;21.54;0.2255;--;;;--;--;3246267.00;0.00;--;;;--;--;16653115.00;0.00;--;;;--;--;60665366.00;0.00;--;;
i28;8.2203;0.1498;0.216;0.0036;38.0569;;;324.4948;1.5985;1951.7067;632.3467;0.1663;;;27534270.00;7671490.00;3.5892;;;13985830.00;9025252.00;1.5496;;;120115393.00;31369128.00;3.8291;;;--;--;10.6133;0.2034;--;;;--;--;1745131.6667;5446.6078;--;;;--;--;7918321.3333;473879.3945;--;;;--;--;27681387.6667;1680293.1301;--;;
i29;5.6684;0.0565;0.1937;0.0144;29.2638;;;224.9156;2.5787;1442.5733;493.378;0.1559;;;19256999.00;5841522.00;3.2966;;;9879598.00;6725215.00;1.469;;;85217192.00;23349751.00;3.6496;;;676.0433;49.0844;7.35;0.2566;91.9787;;;15968095.00;1.4142;1331926.3333;1504.2518;11.9887;;;8633531.6667;0.4714;5837249.6667;4834.2534;1.479;;;75600326.00;0.00;20269897.6667;18601.6224;3.7297;;
i30;8.5441;0.1725;0.189;0.0008;45.2069;;;306.8368;0.8414;2071.6133;676.9689;0.1481;;;26803741.00;8090423.00;3.313;;;13649936.00;9505619.00;1.436;;;116243195.00;33335029.00;3.4871;;;--;--;10.99;0.4121;--;;;--;--;1833839.00;1233.1942;--;;;--;--;8411025.00;530634.1418;--;;;--;--;29527464.6667;1909974.1405;--;;
final;;;;;;25.0986;25.3078;;;;;;0.1105;0.026;;;;3.2919;0.479;;;;1.4186;0.221;;;;3.1496;0.6156;;;;;;16.7283;30.0996;;;;;;8.8078;2.881;;;;;;1.2492;0.2639;;;;;;3.056;0.6537