name;gurobi model rows mean;gurobi model rows stddev;gurobi model cols mean;gurobi model cols stddev;gurobi model nonzeros mean;gurobi model nonzeros stddev;gurobi solution count mean;gurobi solution count stddev;gurobi best objective mean;gurobi best objective stddev;gurobi best bound mean;gurobi best bound stddev;gurobi mip mean;gurobi mip stddev;gurobi status;gurobi presolve removed rows mean;gurobi presolve removed rows stddev;gurobi presolve removed cols mean;gurobi presolve removed cols stddev;gurobi presolve removed nonzeros mean;gurobi presolve removed nonzeros stddev;gurobi presolve runtime mean;gurobi presolve runtime stddev;observer runtime model load mean;observer runtime model load stddev;observer runtime preproc mean;observer runtime preproc stddev;observer runtime init gips mean;observer runtime init gips stddev;observer runtime pm mean;observer runtime pm stddev;observer runtime build gips mean;observer runtime build gips stddev;observer runtime build solver mean;observer runtime build solver stddev;observer runtime build mean;observer runtime build stddev;observer runtime solve problem mean;observer runtime solve problem stddev;observer runtime solution application mean;observer runtime solution application stddev;observer runtime gips save mean;observer runtime gips save stddev;observer runtime model validate mean;observer runtime model validate stddev;observer runtime postproc mean;observer runtime postproc stddev;observer runtime export mean;observer runtime export stddev;observer runtime total mean;observer runtime total stddev;script runtime mean;script runtime stddev;out of memory mean;out of memory stddev;preprocessing;total constraints mean;total constraints stddev;redundant constraints mean;redundant constraints stddev;useless constraints mean;useless constraints stddev;constraint cleanup runtime mean;constraint cleanup runtime stddev;solution costs mean;solution costs stddev;solution unscheduled mean;solution unscheduled stddev;solution delay mean;solution delay stddev;solution openOt mean;solution openOt stddev;solution ageMix mean;solution ageMix stddev;solution skill mean;solution skill stddev;solution excess mean;solution excess stddev;solution continuity mean;solution continuity stddev;solution surgeon transfer mean;solution surgeon transfer stddev
i01;108532;0.00;55256;0.00;358677;0.00;10.00;0.00;3868.6667;15.9652;3749.00;1.633;3.0915;0.4311;TIMELIMIT,TIMELIMIT,TIMELIMIT;53696.00;0.00;23954.00;0.00;103882.3333;6.5997;0.8633;0.0125;0.4301;0.0053;0.2265;0.0033;1.9501;0.0214;0.701;0.0268;0.4886;0.019;0.4458;0.0029;1.6364;0.0216;3600.2064;0.0274;0.1236;0.0055;0.1458;0.0057;0.0978;0.0003;-1.00;-1.00;0.1421;0.0058;3604.9759;0.0076;3606.5053;0.0598;0.00;0.00;NO_GT;108753.00;0.00;0.00;0.00;221.00;0.00;0.14;0.0082;3868.6667;15.9652;2800.00;0.00;470.00;16.3299;240.00;0.00;11.6667;10.274;216.6667;38.5861;3.3333;4.714;127.00;1.633;0.00;0.00
i02;111205;0.00;57081;0.00;382671;0.00;10.00;0.00;1355.00;20.0167;1040.00;25.4689;23.2548;1.0671;TIMELIMIT,TIMELIMIT,TIMELIMIT;51215.00;0.00;21901.00;0.00;104983.00;0.00;0.9633;0.0047;0.4351;0.0018;0.2341;0.0009;1.9674;0.0066;0.7054;0.0184;0.5091;0.0102;0.458;0.0079;1.6735;0.0295;3600.2736;0.066;0.1425;0.0101;0.1575;0.003;0.1007;0.002;-1.00;-1.00;0.1411;0.0023;3605.1421;0.0453;3606.6363;0.0505;0.00;0.00;NO_GT;111476.00;0.00;0.00;0.00;271.00;0.00;0.15;0.00;1355.00;20.0167;0.00;0.00;695.00;38.9444;240.00;0.00;16.6667;6.2361;175.00;12.2474;3.3333;4.714;225.00;7.7889;0.00;0.00
i03;129355;0.00;66175;0.00;428057;0.00;10.00;0.00;10553.3333;2.357;10168.3333;2.8674;3.6481;0.0475;TIMELIMIT,TIMELIMIT,TIMELIMIT;66419.00;0.00;28533.6667;0.4714;135798.3333;12.4989;1.1033;0.0047;0.4371;0.0015;0.2639;0.0014;1.9795;0.0091;0.7474;0.0128;0.5682;0.0294;0.5029;0.0133;1.8194;0.0424;3600.2371;0.06;0.1439;0.0063;0.2365;0.0299;0.1259;0.0051;-1.00;-1.00;0.1807;0.0163;3605.4427;0.1484;3606.966;0.0771;0.00;0.00;NO_GT;129507.00;0.00;0.00;0.00;152.00;0.00;0.1833;0.0125;10553.3333;2.357;7600.00;0.00;1800.00;0.00;400.00;0.00;16.6667;10.274;118.3333;2.357;0.00;0.00;618.3333;9.4281;0.00;0.00
i04;455421;0.00;231939;0.00;1709257;0.00;10.00;0.00;2151.00;82.8533;1214.6667;1.2472;43.4421;2.2858;TIMELIMIT,TIMELIMIT,TIMELIMIT;155552.00;0.00;66509.00;0.00;319380.00;0.00;8.33;0.0374;0.4481;0.0071;0.455;0.0051;2.1787;0.0201;2.1583;0.0994;1.6443;0.0337;1.6008;0.0593;5.4044;0.0939;3600.4704;0.006;0.4257;0.0266;0.5543;0.0504;0.2623;0.0214;-1.00;-1.00;0.4237;0.0276;3610.6523;0.1149;3611.9067;0.1315;0.00;0.00;NO_GT;455769.00;0.00;0.00;0.00;348.00;0.00;0.6833;0.0262;2151.00;82.8533;0.00;0.00;1130.00;73.8241;286.6667;9.4281;85.00;7.0711;180.00;5.099;125.00;22.7303;344.3333;3.3993;0.00;0.00
i05;1732122;0.00;877976;0.00;6677011;0.00;10.00;0.00;13176.00;57.3934;12049.0022;317.1649;8.5621;2.0181;TIMELIMIT,TIMELIMIT,TIMELIMIT;555702.00;0.00;237612.00;0.00;1172702.00;26.8701;48.1533;0.1862;0.4539;0.0045;1.2437;0.0626;2.8226;0.056;7.5499;0.2937;5.4485;0.1307;5.8728;0.0842;18.8723;0.3847;3601.2472;0.1289;1.6596;0.1216;1.7042;0.0282;0.7747;0.0499;-1.00;-1.00;1.2779;0.0201;3630.1262;0.4261;3631.424;0.429;0.00;0.00;NO_GT;1732720.00;0.00;0.00;0.00;598.00;0.00;2.58;0.1417;13176.00;57.3934;8500.00;0.00;3816.6667;61.2826;480.00;0.00;10.00;4.0825;36.6667;9.4281;3.3333;4.714;329.3333;9.4634;0.00;0.00
i06;944803;0.00;479290;0.00;3451061;0.00;10.00;0.00;10699.3333;6.549;10455.3333;1.6997;2.2805;0.0444;TIMELIMIT,TIMELIMIT,TIMELIMIT;382502.3333;0.4714;166534.00;0.00;819847.6667;15.7551;20.29;0.1042;0.4587;0.0056;0.9416;0.0135;2.4564;0.0075;3.9963;0.1026;3.1853;0.0564;3.1561;0.0317;10.3388;0.1478;3601.0934;0.1782;0.8693;0.0664;1.0817;0.059;0.5851;0.061;-1.00;-1.00;0.8439;0.0608;3618.7191;0.1674;3619.973;0.1675;0.00;0.00;NO_GT;945285.00;0.00;0.00;0.00;482.00;0.00;1.5233;0.0262;10699.3333;6.549;9900.00;0.00;270.00;8.165;240.00;0.00;11.6667;1.2472;41.6667;1.2472;0.00;0.00;236.00;0.8165;0.00;0.00
i07;1132974;0.00;581442;0.00;4573533;0.00;10.00;0.00;5758.6667;39.2032;2018.6713;6.2348;64.9431;0.3479;TIMELIMIT,TIMELIMIT,TIMELIMIT;317439.00;0.00;129722.00;0.00;722357.00;0.00;27.91;0.192;0.4557;0.0014;0.7789;0.0364;2.6156;0.0409;4.9497;0.0625;3.6627;0.0582;3.9366;0.1033;12.5503;0.1801;3600.9112;0.0415;1.0837;0.0517;1.1097;0.019;0.5075;0.0268;-1.00;-1.00;0.8754;0.0423;3620.9368;0.1618;3622.2433;0.1865;0.00;0.00;NO_GT;1133607.00;0.00;0.00;0.00;633.00;0.00;1.75;0.0535;5758.6667;39.2032;0.00;0.00;2240.00;56.5685;366.6667;9.4281;143.3333;9.4281;543.3333;18.8562;75.00;14.7196;2390.00;36.2859;0.3333;0.4714
i08;6428321;0.00;3256817;0.00;26134669;0.00;0.3333;0.4714;6691249.00;0.00;-1.00;-1.00;100.009;0.00;TIMELIMIT,OUT_OF_MEMORY,OUT_OF_MEMORY;1728872.00;0.00;728788.00;0.00;3879464.00;0.00;208.0533;0.5677;0.4874;0.005;2.8325;0.02;4.5071;0.0229;27.6144;0.4211;19.9584;0.1367;22.1687;0.2261;69.7427;0.2441;3605.0498;0.00;5.7091;0.00;5.0053;0.00;2.3058;0.00;-1.00;-1.00;15.9644;0.00;3711.3523;0.00;1942.1247;1260.142;0.6667;0.4714;NO_GT;6429563.00;0.00;0.00;0.00;1242.00;0.00;10.5667;0.1744;24929.00;0.00;4000.00;0.00;9430.00;0.00;2520.00;0.00;480.00;0.00;5830.00;0.00;701.00;0.00;1548.00;0.00;420.00;0.00
i09;1783732;0.00;905735;0.00;7150427;0.00;10.00;0.00;7864.00;142.4944;2969.00;1.4142;62.2335;0.6743;TIMELIMIT,TIMELIMIT,TIMELIMIT;539000.00;0.00;228990.00;0.00;1218303.00;0.00;50.8533;0.3526;0.4587;0.0089;1.2167;0.0327;2.7591;0.0923;7.2588;0.4369;5.587;0.066;6.05;0.082;18.8972;0.4596;3601.1572;0.0572;1.476;0.0566;1.5705;0.0829;0.7287;0.0059;-1.00;-1.00;1.3897;0.1147;3629.7177;0.2801;3630.9957;0.2692;0.00;0.00;NO_GT;1784261.00;0.00;0.00;0.00;529.00;0.00;2.77;0.0779;7864.00;142.4944;0.00;0.00;4450.00;93.5414;446.6667;9.4281;176.6667;22.4846;150.6667;8.8066;220.00;5.7155;2410.00;34.8807;10.00;14.1421
i10;1856359;0.00;945411;0.00;6933959;0.00;10.00;0.00;22938.3333;115.7824;15116.6667;4.714;34.0969;0.3518;TIMELIMIT,TIMELIMIT,TIMELIMIT;667222.00;0.00;282507.00;0.00;1364059.00;0.00;49.03;0.2041;0.4682;0.0012;1.4111;0.017;2.8218;0.0252;8.0759;0.1635;5.9608;0.153;6.3844;0.0453;20.4224;0.2208;3601.4204;0.1768;1.7584;0.1565;1.9814;0.1108;0.9539;0.0179;-1.00;-1.00;1.7361;0.0929;3633.0417;0.0523;3634.3123;0.0793;0.00;0.00;NO_GT;1856873.00;0.00;0.00;0.00;514.00;0.00;2.9067;0.0665;22938.3333;115.7824;14800.00;141.4214;2596.6667;37.0435;460.00;0.00;273.3333;4.714;1536.6667;26.5623;153.3333;41.8994;3118.3333;22.4846;0.00;0.00
i11;2901465;0.00;1470020;0.00;11815901;0.00;10.00;0.00;29246.6667;1614.7372;24957.6667;19.9053;14.4077;4.6606;TIMELIMIT,TIMELIMIT,TIMELIMIT;727043.00;0.00;308157.00;0.00;1598743.00;22.6274;91.42;0.2551;0.4638;0.0007;1.4603;0.043;3.1204;0.0583;13.5175;0.3391;9.2427;0.2279;9.9079;0.1083;32.6693;0.4418;3602.5973;1.0317;2.6737;0.1865;2.1144;0.0546;1.0201;0.0753;-1.00;-1.00;1.9208;0.0813;3648.1084;1.0334;3649.427;1.0326;0.00;0.00;NO_GT;2902168.00;0.00;0.00;0.00;703.00;0.00;4.8333;0.1112;29246.6667;1614.7372;27666.6667;1699.6732;646.6667;57.2033;520.00;14.1421;14.6667;6.7987;53.00;14.3527;16.6667;23.5702;329.00;10.9848;0.00;0.00
i12;1847823;0.00;944509;0.00;7341060;0.00;10.00;0.00;16189.3333;479.1968;6442.00;5.7155;60.1731;1.1908;TIMELIMIT,TIMELIMIT,TIMELIMIT;601016.00;0.00;257445.00;0.00;1466421.00;0.00;50.4033;0.1862;0.4595;0.0053;1.2411;0.0256;2.732;0.0909;8.3332;0.5752;6.0735;0.2658;6.368;0.2049;20.7759;0.8491;3601.163;0.0257;1.7606;0.0534;1.6984;0.0316;0.7555;0.041;-1.00;-1.00;1.3336;0.0964;3631.9887;0.8663;3633.266;0.851;0.00;0.00;NO_GT;1848472.00;0.00;0.00;0.00;649.00;0.00;3.02;0.1445;16189.3333;479.1968;7600.00;432.0494;1585.00;46.3681;750.00;24.4949;71.00;3.7417;1880.00;118.603;965.00;7.0711;3325.00;110.0757;13.3333;4.714
i13;1621810;0.00;847019;0.00;6464156;0.00;10.00;0.00;22462.3333;1091.4688;12693.3333;230.9897;43.4014;1.909;TIMELIMIT,TIMELIMIT,TIMELIMIT;566193.00;0.00;222362.00;0.00;1355118.00;0.00;40.2567;0.1812;0.4697;0.0053;1.3452;0.0681;2.7078;0.0203;7.00;0.2177;5.1989;0.1792;5.5815;0.0754;17.7816;0.061;3601.1817;0.0876;1.5496;0.0579;1.6914;0.0255;0.8065;0.0366;-1.00;-1.00;1.5908;0.0989;3629.1914;0.1126;3630.4577;0.1204;0.00;0.00;NO_GT;1622324.00;0.00;0.00;0.00;514.00;0.00;2.4867;0.1223;22462.3333;1091.4688;11500.00;1471.9601;6920.00;382.2957;296.6667;9.4281;271.6667;30.6413;262.3333;23.5844;315.00;31.8224;2893.3333;45.5217;3.3333;4.714
i14;4241975;0.00;2157884;0.00;18017188;0.00;4.00;4.2426;9706406.6667;6849002.8169;5034.00;0.00;91.7732;11.5856;TIMELIMIT,TIMELIMIT,TIMELIMIT;868387.00;0.00;358202.00;0.00;2148936.00;0.00;158.10;1.2703;0.4763;0.0009;1.8752;0.0337;3.2975;0.0595;19.4103;0.5197;13.7286;0.5777;14.5741;0.1622;47.7143;0.6555;3603.093;0.1346;4.542;0.1839;2.829;0.1125;1.1374;0.017;-1.00;-1.00;4.1503;0.9692;3669.1943;0.3249;3670.4953;0.3298;0.00;0.00;NO_GT;4243358.00;0.00;0.00;0.00;1383.00;0.00;7.35;0.2794;24554.6667;2901.7036;15866.6667;1837.2685;1451.6667;87.3053;1450.00;282.8427;37.6667;10.9646;356.6667;42.2795;900.00;502.0624;4471.6667;205.4805;20.3333;12.4989
i15;3749900;0.00;1928981;0.00;15717280;0.00;10.00;0.00;25132.00;5428.4622;1838.00;555.3563;92.7878;0.9844;TIMELIMIT,TIMELIMIT,TIMELIMIT;980125.00;0.00;391547.00;0.00;2455569.00;0.00;128.8767;0.2843;0.4738;0.0065;1.80;0.0133;3.5675;0.0946;16.3768;0.687;11.8972;0.1803;12.7215;0.2314;40.9969;1.0798;3602.6622;0.0893;3.6316;0.2361;2.8617;0.1746;1.2981;0.0128;-1.00;-1.00;4.9866;0.0757;3662.3594;1.171;3663.607;1.1632;0.00;0.00;NO_GT;3750651.00;0.00;0.00;0.00;751.00;0.00;6.28;0.1203;25132.00;5428.4622;15283.3333;7013.5979;5130.00;891.2912;260.00;43.2049;62.00;8.2865;558.3333;47.8423;456.6667;234.426;3370.00;395.2425;11.6667;4.714
i16;3304908;0.00;1684642;0.00;13663492;0.00;0.00;0.00;-1.00;-1.00;1415.3333;319.8503;-1.00;-1.00;TIMELIMIT,TIMELIMIT,TIMELIMIT;878431.00;0.00;373766.00;0.00;2278783.00;0.00;102.59;0.5696;0.4763;0.0045;1.5373;0.0305;3.1758;0.0289;13.537;0.6847;10.8531;0.0582;11.3231;0.302;35.7144;0.6631;3601.6197;0.0705;-1.00;-1.00;-1.00;-1.00;-1.00;-1.00;-1.00;-1.00;-1.00;-1.00;-1.00;-1.00;3643.8527;0.6437;0.00;0.00;NO_GT;3305732.00;0.00;0.00;0.00;824.00;0.00;5.67;0.0804;-1.00;-1.00;-1.00;-1.00;-1.00;-1.00;-1.00;-1.00;-1.00;-1.00;-1.00;-1.00;-1.00;-1.00;-1.00;-1.00;-1.00;-1.00
i17;26095872;0.00;13258694;0.00;109446200;0.00;0.00;0.00;-1.00;-1.00;-1.00;-1.00;-1.00;-1.00;OUT_OF_MEMORY,OUT_OF_MEMORY,OUT_OF_MEMORY;-1.00;-1.00;-1.00;-1.00;-1.00;-1.00;-1.00;-1.00;0.5119;0.0041;9.6607;0.0819;10.7726;0.1214;109.6435;0.8811;81.3842;1.7235;97.3785;0.3665;288.4076;2.9711;-1.00;-1.00;-1.00;-1.00;-1.00;-1.00;-1.00;-1.00;-1.00;-1.00;-1.00;-1.00;-1.00;-1.00;2710.793;3386.6883;0.6667;0.4714;NO_GT;26097094.00;0.00;0.00;0.00;1222.00;0.00;43.5367;1.327;-1.00;-1.00;-1.00;-1.00;-1.00;-1.00;-1.00;-1.00;-1.00;-1.00;-1.00;-1.00;-1.00;-1.00;-1.00;-1.00;-1.00;-1.00
i18;9281278;0.00;4708224;0.00;39139673;0.00;0.00;0.00;-1.00;-1.00;-1.00;-1.00;-1.00;-1.00;OUT_OF_MEMORY,OUT_OF_MEMORY,OUT_OF_MEMORY;1989288.00;0.00;827768.00;0.00;4787147.00;0.00;365.0433;2.1639;0.4963;0.0006;3.3584;0.0495;5.0406;0.065;40.8624;0.5827;29.2978;0.758;33.6155;1.2919;103.7769;1.4487;-1.00;-1.00;-1.00;-1.00;-1.00;-1.00;-1.00;-1.00;-1.00;-1.00;-1.00;-1.00;-1.00;-1.00;697.5807;18.1757;1.00;0.00;NO_GT;9282515.00;0.00;0.00;0.00;1237.00;0.00;15.5167;0.0309;-1.00;-1.00;-1.00;-1.00;-1.00;-1.00;-1.00;-1.00;-1.00;-1.00;-1.00;-1.00;-1.00;-1.00;-1.00;-1.00;-1.00;-1.00
i19;37498644;0.00;19087207;0.00;164352455;0.00;0.00;0.00;-1.00;-1.00;-1.00;-1.00;-1.00;-1.00;OUT_OF_MEMORY,OUT_OF_MEMORY,OUT_OF_MEMORY;6975415.00;0.00;2825834.00;0.00;-1.00;-1.00;1235.69;0.00;0.5248;0.0037;11.393;0.1492;12.0845;0.3084;180.3216;0.00;127.6035;0.00;136.5333;0.00;444.4597;0.00;-1.00;-1.00;-1.00;-1.00;-1.00;-1.00;-1.00;-1.00;-1.00;-1.00;-1.00;-1.00;-1.00;-1.00;637.721;776.3261;1.00;0.00;NO_GT;37500700.00;0.00;0.00;0.00;2056.00;0.00;66.49;0.00;-1.00;-1.00;-1.00;-1.00;-1.00;-1.00;-1.00;-1.00;-1.00;-1.00;-1.00;-1.00;-1.00;-1.00;-1.00;-1.00;-1.00;-1.00
i20;3124066;0.00;1607766;0.00;12921916;0.00;0.00;0.00;-1.00;-1.00;21043.0011;3117.6346;-1.00;-1.00;TIMELIMIT,TIMELIMIT,TIMELIMIT;1027362.00;0.00;445723.00;0.00;2958189.00;0.00;104.84;0.5853;0.4792;0.0029;1.802;0.077;3.2032;0.0425;12.8526;0.3411;10.2957;0.234;10.6051;0.1319;33.7546;0.2963;3601.8138;0.0897;-1.00;-1.00;-1.00;-1.00;-1.00;-1.00;-1.00;-1.00;-1.00;-1.00;-1.00;-1.00;3642.3387;0.227;0.00;0.00;NO_GT;3125160.00;0.00;0.00;0.00;1094.00;0.00;5.31;0.2238;-1.00;-1.00;-1.00;-1.00;-1.00;-1.00;-1.00;-1.00;-1.00;-1.00;-1.00;-1.00;-1.00;-1.00;-1.00;-1.00;-1.00;-1.00
i21;20438120;0.00;10427837;0.00;87189885;0.00;0.00;0.00;-1.00;-1.00;-1.00;-1.00;-1.00;-1.00;OUT_OF_MEMORY,OUT_OF_MEMORY,OUT_OF_MEMORY;3287089.00;924267.00;1005840.50;678465.50;-1.00;-1.00;315.125;236.065;0.5068;0.0047;7.0008;0.0903;8.5027;0.0669;91.663;1.6826;67.9885;6.3576;74.9414;0.291;234.594;8.1396;-1.00;-1.00;-1.00;-1.00;-1.00;-1.00;-1.00;-1.00;-1.00;-1.00;-1.00;-1.00;-1.00;-1.00;473.4863;240.9273;1.00;0.00;NO_GT;20439390.00;0.00;0.00;0.00;1270.00;0.00;34.23;0.5299;-1.00;-1.00;-1.00;-1.00;-1.00;-1.00;-1.00;-1.00;-1.00;-1.00;-1.00;-1.00;-1.00;-1.00;-1.00;-1.00;-1.00;-1.00
i22;-1;-1.00;-1;-1.00;-1;-1.00;0.00;0.00;-1.00;-1.00;-1.00;-1.00;-1.00;-1.00;OUT_OF_MEMORY,OUT_OF_MEMORY,OUT_OF_MEMORY;-1.00;-1.00;-1.00;-1.00;-1.00;-1.00;-1.00;-1.00;0.5344;0.0034;11.4766;0.0967;11.9458;0.4844;-1.00;-1.00;-1.00;-1.00;-1.00;-1.00;-1.00;-1.00;-1.00;-1.00;-1.00;-1.00;-1.00;-1.00;-1.00;-1.00;-1.00;-1.00;-1.00;-1.00;-1.00;-1.00;120.359;46.2872;1.00;0.00;NO_GT;-1.00;-1.00;-1.00;-1.00;-1.00;-1.00;-1.00;-1.00;-1.00;-1.00;-1.00;-1.00;-1.00;-1.00;-1.00;-1.00;-1.00;-1.00;-1.00;-1.00;-1.00;-1.00;-1.00;-1.00;-1.00;-1.00
i23;35001665;0.00;17739497;0.00;153236524;0.00;0.00;0.00;-1.00;-1.00;-1.00;-1.00;-1.00;-1.00;OUT_OF_MEMORY,OUT_OF_MEMORY,OUT_OF_MEMORY;-1.00;-1.00;-1.00;-1.00;-1.00;-1.00;-1.00;-1.00;0.542;0.006;10.5782;0.1538;11.2527;0.1767;166.9381;0.00;116.4904;0.00;136.3328;0.00;419.7626;0.00;-1.00;-1.00;-1.00;-1.00;-1.00;-1.00;-1.00;-1.00;-1.00;-1.00;-1.00;-1.00;-1.00;-1.00;2680.9347;3411.6813;0.6667;0.4714;NO_GT;35004798.00;0.00;0.00;0.00;3133.00;0.00;61.805;0.825;-1.00;-1.00;-1.00;-1.00;-1.00;-1.00;-1.00;-1.00;-1.00;-1.00;-1.00;-1.00;-1.00;-1.00;-1.00;-1.00;-1.00;-1.00
i24;-1;-1.00;-1;-1.00;-1;-1.00;0.00;0.00;-1.00;-1.00;-1.00;-1.00;-1.00;-1.00;OUT_OF_MEMORY,OUT_OF_MEMORY,OUT_OF_MEMORY;-1.00;-1.00;-1.00;-1.00;-1.00;-1.00;-1.00;-1.00;0.5456;0.0064;17.4354;0.0858;17.3295;0.6252;-1.00;-1.00;-1.00;-1.00;-1.00;-1.00;-1.00;-1.00;-1.00;-1.00;-1.00;-1.00;-1.00;-1.00;-1.00;-1.00;-1.00;-1.00;-1.00;-1.00;-1.00;-1.00;68.9687;8.1306;1.00;0.00;NO_GT;-1.00;-1.00;-1.00;-1.00;-1.00;-1.00;-1.00;-1.00;-1.00;-1.00;-1.00;-1.00;-1.00;-1.00;-1.00;-1.00;-1.00;-1.00;-1.00;-1.00;-1.00;-1.00;-1.00;-1.00;-1.00;-1.00
i25;18395625;0.00;9363321;0.00;80776962;0.00;0.00;0.00;-1.00;-1.00;-1.00;-1.00;-1.00;-1.00;OUT_OF_MEMORY,OUT_OF_MEMORY,OUT_OF_MEMORY;3098326.00;0.00;1240652.00;0.00;-1.00;-1.00;615.1833;0.3866;0.4927;0.0027;5.0199;0.1119;6.6891;0.0225;85.7013;2.2718;62.4384;0.8977;67.0818;0.1531;215.2227;1.8658;-1.00;-1.00;-1.00;-1.00;-1.00;-1.00;-1.00;-1.00;-1.00;-1.00;-1.00;-1.00;-1.00;-1.00;856.9557;2.2006;1.00;0.00;NO_GT;18397074.00;0.00;0.00;0.00;1449.00;0.00;31.88;0.2758;-1.00;-1.00;-1.00;-1.00;-1.00;-1.00;-1.00;-1.00;-1.00;-1.00;-1.00;-1.00;-1.00;-1.00;-1.00;-1.00;-1.00;-1.00
i26;-1;-1.00;-1;-1.00;-1;-1.00;0.00;0.00;-1.00;-1.00;-1.00;-1.00;-1.00;-1.00;OUT_OF_MEMORY,OUT_OF_MEMORY,OUT_OF_MEMORY;-1.00;-1.00;-1.00;-1.00;-1.00;-1.00;-1.00;-1.00;0.5496;0.0049;15.6411;0.0324;16.1137;0.1818;-1.00;-1.00;-1.00;-1.00;-1.00;-1.00;-1.00;-1.00;-1.00;-1.00;-1.00;-1.00;-1.00;-1.00;-1.00;-1.00;-1.00;-1.00;-1.00;-1.00;-1.00;-1.00;85.91;16.2497;1.00;0.00;NO_GT;-1.00;-1.00;-1.00;-1.00;-1.00;-1.00;-1.00;-1.00;-1.00;-1.00;-1.00;-1.00;-1.00;-1.00;-1.00;-1.00;-1.00;-1.00;-1.00;-1.00;-1.00;-1.00;-1.00;-1.00;-1.00;-1.00
i27;-1;-1.00;-1;-1.00;-1;-1.00;0.00;0.00;-1.00;-1.00;-1.00;-1.00;-1.00;-1.00;OUT_OF_MEMORY,OUT_OF_MEMORY,OUT_OF_MEMORY;-1.00;-1.00;-1.00;-1.00;-1.00;-1.00;-1.00;-1.00;0.5503;0.0013;17.851;0.0342;16.442;0.2654;-1.00;-1.00;-1.00;-1.00;-1.00;-1.00;-1.00;-1.00;-1.00;-1.00;-1.00;-1.00;-1.00;-1.00;-1.00;-1.00;-1.00;-1.00;-1.00;-1.00;-1.00;-1.00;72.683;5.5166;1.00;0.00;NO_GT;-1.00;-1.00;-1.00;-1.00;-1.00;-1.00;-1.00;-1.00;-1.00;-1.00;-1.00;-1.00;-1.00;-1.00;-1.00;-1.00;-1.00;-1.00;-1.00;-1.00;-1.00;-1.00;-1.00;-1.00;-1.00;-1.00
i28;27534270;0.00;13985830;0.00;120115393;0.00;0.00;0.00;-1.00;-1.00;-1.00;-1.00;-1.00;-1.00;OUT_OF_MEMORY,OUT_OF_MEMORY,OUT_OF_MEMORY;-1.00;-1.00;-1.00;-1.00;-1.00;-1.00;-1.00;-1.00;0.5416;0.0247;8.2203;0.1498;9.3888;0.0309;130.2216;1.4607;91.5567;1.6782;102.7153;2.0637;324.4948;1.5985;-1.00;-1.00;-1.00;-1.00;-1.00;-1.00;-1.00;-1.00;-1.00;-1.00;-1.00;-1.00;-1.00;-1.00;348.752;3.9464;1.00;0.00;NO_GT;27535908.00;0.00;0.00;0.00;1638.00;0.00;47.59;0.0963;-1.00;-1.00;-1.00;-1.00;-1.00;-1.00;-1.00;-1.00;-1.00;-1.00;-1.00;-1.00;-1.00;-1.00;-1.00;-1.00;-1.00;-1.00
i29;19256999;0.00;9879598;0.00;85217192;0.00;0.00;0.00;-1.00;-1.00;-1.00;-1.00;-1.00;-1.00;OUT_OF_MEMORY,OUT_OF_MEMORY,OUT_OF_MEMORY;3288904.00;1.4142;1246066.3333;0.4714;9616866.00;0.00;676.0433;49.0844;0.5126;0.0026;5.6684;0.0565;7.0952;0.0768;89.3103;2.9127;63.7903;0.08;71.8138;1.4769;224.9156;2.5787;-1.00;-1.00;-1.00;-1.00;-1.00;-1.00;-1.00;-1.00;-1.00;-1.00;-1.00;-1.00;-1.00;-1.00;1009.9877;164.8443;1.00;0.00;NO_GT;19258420.00;0.00;0.00;0.00;1421.00;0.00;33.3433;0.4298;-1.00;-1.00;-1.00;-1.00;-1.00;-1.00;-1.00;-1.00;-1.00;-1.00;-1.00;-1.00;-1.00;-1.00;-1.00;-1.00;-1.00;-1.00
i30;26803741;0.00;13649936;0.00;116243195;0.00;0.00;0.00;-1.00;-1.00;-1.00;-1.00;-1.00;-1.00;OUT_OF_MEMORY,OUT_OF_MEMORY,OUT_OF_MEMORY;-1.00;-1.00;-1.00;-1.00;-1.00;-1.00;-1.00;-1.00;0.5282;0.0019;8.5441;0.1725;9.3028;0.2471;120.1144;0.6623;87.2235;1.0357;99.4977;1.6255;306.8368;0.8414;-1.00;-1.00;-1.00;-1.00;-1.00;-1.00;-1.00;-1.00;-1.00;-1.00;-1.00;-1.00;-1.00;-1.00;329.52;4.7077;1.00;0.00;NO_GT;26805426.00;0.00;0.00;0.00;1685.00;0.00;46.0333;0.1389;-1.00;-1.00;-1.00;-1.00;-1.00;-1.00;-1.00;-1.00;-1.00;-1.00;-1.00;-1.00;-1.00;-1.00;-1.00;-1.00;-1.00;-1.00