model;version;instance;run;memoryMB;preprocessingTimeS;compileTimePassOneS;compileTimePassTwoS;totalCompileTimeS;compileOptimized;presolveTimeS;originalConstraints;originalVariables;originalCoefficients;presolvedConstraints;presolvedVariables;presolvedCoefficients;numberOfSolutions;bestObjective;bestBound;mipGap;isSolutionValid;objectiveByValidator;isCrashedCompile;isCrashedSolve
AllConstraints;v4;i01;5;332;0.189;4.05;12.09;12.09;true;0.57;32432;39201;140944;13372;33346;107685;10;3846.00;3711.00;0.0351;true;3846;false;false
AllConstraints;v4;i01;6;332;0.187;4.08;12.15;12.15;true;0.58;32432;39201;140944;13372;33346;107685;10;3846.00;3713.00;0.0346;true;3846;false;false
AllConstraints;v4;i01;7;332;0.169;4.07;12.09;12.09;true;0.56;32432;39201;140944;13372;33346;107685;10;3846.00;3713.00;0.0346;true;3846;false;false
AllConstraints;v4;i02;5;479;0.163;6.16;18.85;18.85;true;0.94;51650;63454;225427;17114;46390;152294;10;1334.00;946.00;0.2909;true;1334;false;false
AllConstraints;v4;i02;6;479;0.17;6.17;18.89;18.89;true;0.93;51650;63454;225427;17120;46412;152357;10;1360.00;894.00;0.3426;true;1360;false;false
AllConstraints;v4;i02;7;479;0.171;6.16;18.84;18.84;true;0.92;51650;63454;225427;17120;46412;152357;10;1363.00;954.00;0.3001;true;1363;false;false
AllConstraints;v4;i03;5;446;0.162;5.59;16.84;16.84;true;1.20;43838;55774;203558;17888;47090;155206;10;10550.00;10084.00;0.0442;true;10550;false;false
AllConstraints;v4;i03;6;446;0.172;5.53;16.66;16.66;true;1.19;43838;55774;203558;17880;46947;154528;10;10580.00;10058.00;0.0493;true;10580;false;false
AllConstraints;v4;i03;7;446;0.173;5.57;16.72;16.72;true;1.20;43838;55774;203558;17880;46947;154528;10;10580.00;10058.00;0.0493;true;10580;false;false
AllConstraints;v4;i04;5;1639;0.165;19.82;59.66;59.66;true;3.48;167498;198673;691915;46864;151838;497153;10;2317.00;1394.00;0.3984;true;2317;false;false
AllConstraints;v4;i04;6;1639;0.173;19.82;59.81;59.81;true;3.55;167498;198673;691915;46864;151838;497153;10;2317.00;1394.00;0.3984;true;2317;false;false
AllConstraints;v4;i04;7;1639;0.17;19.68;59.29;59.29;true;3.46;167498;198673;691915;46864;151838;497153;10;2317.00;1394.00;0.3984;true;2317;false;false
AllConstraints;v4;i05;5;5220;0.173;68.93;210.18;210.18;true;18.35;569553;659866;2484462;141658;518854;1791508;10;13736.00;12196.00;0.1121;true;13736;false;false
AllConstraints;v4;i05;6;5220;0.17;68.50;209.92;209.92;true;18.22;569553;659866;2484462;141658;518854;1791508;10;13736.00;12196.00;0.1121;true;13736;false;false
AllConstraints;v4;i05;7;5220;0.174;68.71;210.59;210.59;true;18.34;569553;659866;2484462;141658;518854;1791508;10;13736.00;12196.00;0.1121;true;13736;false;false
AllConstraints;v4;i06;5;2800;0.171;37.40;109.51;109.51;true;9.15;274704;331916;1240563;92492;290835;972661;10;10746.00;10453.00;0.0273;true;10746;false;false
AllConstraints;v4;i06;6;2800;0.18;37.13;109.02;109.02;true;9.16;274704;331916;1240563;92509;290849;972644;10;10780.00;10449.00;0.0307;true;10780;false;false
AllConstraints;v4;i06;7;2800;0.175;37.05;108.52;108.52;true;9.22;274704;331916;1240563;92509;290849;972644;10;10780.00;10449.00;0.0307;true;10780;false;false
AllConstraints;v4;i07;5;3957;0.18;47.72;146.83;146.83;true;11.77;407629;482498;1692853;105855;374643;1243625;10;8055.00;2059.00;0.7444;true;8055;false;false
AllConstraints;v4;i07;6;3957;0.178;47.56;146.32;146.32;true;11.71;407629;482498;1692853;105855;374643;1243625;10;8055.00;2059.00;0.7444;true;8055;false;false
AllConstraints;v4;i07;7;3957;0.175;47.45;146.05;146.05;true;11.61;407629;482498;1692853;105855;374643;1243625;10;9111.00;2049.00;0.7751;true;9111;false;false
AllConstraints;v4;i08;5;17421;0.187;227.05;686.32;686.32;true;44.67;1800217;2058187;7641746;448232;1819202;6209413;0;;1574.00;;;;false;false
AllConstraints;v4;i08;6;17421;0.179;226.27;686.90;686.90;true;44.78;1800217;2058187;7641746;448232;1819202;6209413;0;;1574.00;;;;false;false
AllConstraints;v4;i08;7;17421;0.175;225.63;685.34;685.34;true;44.61;1800217;2058187;7641746;448232;1819202;6209413;0;;1574.00;;;;false;false
AllConstraints;v4;i09;5;4429;0.17;57.64;174.93;174.93;true;11.75;466187;547811;1982632;132430;453245;1507833;10;12099.00;3613.00;0.7014;true;12099;false;false
AllConstraints;v4;i09;6;4429;0.177;57.35;175.20;175.20;true;11.80;466187;547811;1982632;132430;453245;1507833;10;13197.00;3627.00;0.7252;true;13197;false;false
AllConstraints;v4;i09;7;4429;0.178;57.85;175.96;175.96;true;11.91;466187;547811;1982632;132430;453245;1507833;10;11833.00;3632.00;0.6931;true;11833;false;false
AllConstraints;v4;i10;5;5412;0.171;71.30;213.37;213.37;true;23.15;560375;683369;2550805;168500;633070;2158671;10;24830.00;14440.00;0.4184;true;24830;false;false
AllConstraints;v4;i10;6;5412;0.181;70.86;212.76;212.76;true;23.30;560375;683369;2550805;168504;632938;2158304;10;25235.00;14250.00;0.4353;true;25235;false;false
AllConstraints;v4;i10;7;5412;0.182;71.30;214.13;214.13;true;23.56;560375;683369;2550805;168504;632938;2158304;10;25135.00;14400.00;0.4271;true;25135;false;false
AllConstraints;v4;i11;5;6524;0.173;88.49;271.92;271.92;true;18.91;725020;840833;2947515;189913;681404;2256570;10;30019.00;25166.00;0.1617;true;30019;false;false
AllConstraints;v4;i11;6;6524;0.182;87.70;269.59;269.59;true;18.06;725020;840833;2947515;189913;681404;2256570;10;30049.00;25162.00;0.1626;true;30049;false;false
AllConstraints;v4;i11;7;6524;0.181;87.61;268.03;268.03;true;17.96;725020;840833;2947515;189913;681404;2256570;10;30019.00;25166.00;0.1617;true;30019;false;false
AllConstraints;v4;i12;5;5116;0.175;66.29;193.68;193.68;true;16.72;485034;603960;2062123;142175;555337;1783348;10;15713.00;6470.00;0.5882;true;15713;false;false
AllConstraints;v4;i12;6;5116;0.183;66.44;194.24;194.24;true;16.64;485034;603960;2062123;142259;555372;1783123;10;15904.00;6483.00;0.5924;true;15894;false;false
AllConstraints;v4;i12;7;5116;0.181;65.87;192.45;192.45;true;16.53;485033;603959;2062120;142264;555371;1783119;10;15781.00;6487.00;0.5889;true;15781;false;false
AllConstraints;v4;i13;5;5117;0.17;62.05;189.42;189.42;true;19.79;506051;637858;2284307;148756;536105;1771999;10;25014.00;8815.00;0.6476;true;25014;false;false
AllConstraints;v4;i13;6;5117;0.177;61.59;188.50;188.50;true;19.73;506050;637857;2284304;148676;538156;1779076;10;25072.00;8997.00;0.6412;true;25072;false;false
AllConstraints;v4;i13;7;5117;0.173;61.87;188.69;188.69;true;20.07;506050;637857;2284304;148676;538156;1779076;10;25055.00;8935.00;0.6434;true;25055;false;false
AllConstraints;v4;i14;5;13509;0.172;177.52;540.06;540.06;true;34.20;1420301;1690460;5710167;325739;1477201;4849199;10;22001.00;5322.00;0.7581;true;22001;false;false
AllConstraints;v4;i14;6;13509;0.181;176.65;538.58;538.58;true;34.11;1420301;1690460;5710167;325110;1477426;4854727;10;23419.00;5322.00;0.7727;true;23419;false;false
AllConstraints;v4;i14;7;13509;0.179;177.91;543.76;543.76;true;34.75;1420301;1690460;5710167;325739;1477201;4849199;10;22001.00;5322.00;0.7581;true;22001;false;false
AllConstraints;v4;i15;5;11046;0.174;142.47;437.26;437.26;true;42.13;1168837;1380804;4897581;276889;1125522;3782292;10;28357.00;5931.00;0.7908;true;28357;false;false
AllConstraints;v4;i15;6;11046;0.182;142.26;437.02;437.02;true;42.60;1168837;1380804;4897581;276984;1104873;3702588;10;26614.00;5931.00;0.7771;true;26614;false;false
AllConstraints;v4;i15;7;11046;0.184;142.66;436.93;436.93;true;43.03;1168837;1380804;4897581;276984;1104873;3702588;10;26569.00;5931.00;0.7768;true;26569;false;false
AllConstraints;v4;i16;5;9099;0.181;125.63;376.66;376.66;true;40.25;962898;1190237;3984793;240869;1043550;3364850;1;76675.00;4068.00;0.9469;true;25803;false;false
AllConstraints;v4;i16;6;9099;0.185;125.11;376.64;376.64;true;40.42;962898;1190237;3984793;240954;1043752;3365497;0;;4068.00;;;;false;false
AllConstraints;v4;i16;7;9099;0.184;126.01;378.61;378.61;true;41.17;962898;1190237;3984793;240791;1043319;3364904;0;;4068.00;;;;false;false
AllConstraints;v4;i17;5;56517;0.194;749.21;2322.80;2322.80;true;19.76;6084632;6909606;26612543;1516978;6495540;23724915;0;;17640.00;;;;false;false
AllConstraints;v4;i17;6;56517;0.202;741.90;2299.44;2299.44;true;19.50;6084632;6909606;26612543;1516978;6495540;23724915;0;;17640.00;;;;false;false
AllConstraints;v4;i17;7;56517;0.223;747.06;2313.47;2313.47;true;19.90;6084632;6909606;26612543;1516978;6495540;23724915;0;;17640.00;;;;false;false
AllConstraints;v4;i18;5;30023;0.191;423.39;1328.36;1328.36;true;11.26;3483770;4016814;14557648;792748;3622311;12933761;1;110593.00;35983.00;0.6746;true;57973;false;false
AllConstraints;v4;i18;6;30023;0.19;421.96;1326.65;1326.65;true;11.32;3483770;4016814;14557648;792749;3622295;12933729;1;114647.00;35983.00;0.6861;true;61334;false;false
AllConstraints;v4;i18;7;30023;0.19;421.06;1324.13;1324.13;true;11.35;3483770;4016814;14557648;792749;3622312;12933763;1;113550.00;35983.00;0.6831;true;60145;false;false
AllConstraints;v4;i19;5;101644;0.257;1461.90;4603.25;4603.25;true;15.92;11907324;13306054;50241369;2467255;11700076;42549132;0;;;;;;false;true
AllConstraints;v4;i19;6;101644;0.216;1448.56;4556.34;4556.34;true;16.25;11907324;13306054;50241369;2467255;11700076;42549132;0;;;;;;false;true
AllConstraints;v4;i19;7;101644;0.237;1459.11;4579.20;4579.20;true;15.55;11907324;13306054;50241369;2467255;11700076;42549132;0;;;;;;false;true
AllConstraints;v4;i20;5;9089;0.199;131.50;396.47;396.47;true;50.71;991525;1232710;4197988;236646;1048237;3406636;0;;20598.00;;;;false;false
AllConstraints;v4;i20;6;9089;0.227;130.97;395.60;395.60;true;51.04;991525;1232710;4197988;236646;1048237;3406636;0;;20598.00;;;;false;false
AllConstraints;v4;i20;7;9089;0.199;130.13;393.12;393.12;true;50.28;991525;1232710;4197988;236493;1048230;3407523;10;46082.00;20304.00;0.5594;true;46079;false;false
AllConstraints;v4;i21;5;48266;0.185;618.25;1903.25;1903.25;true;16.00;5091564;5817785;21519529;1218379;5218413;18794576;1;252798.00;10177.00;0.9597;true;67140;false;false
AllConstraints;v4;i21;6;48266;0.203;626.22;1929.17;1929.17;true;16.33;5091564;5817785;21519529;1218388;5218440;18794630;1;247151.00;8219.00;0.9667;true;64297;false;false
AllConstraints;v4;i21;7;48266;0.181;620.85;1911.76;1911.76;true;15.94;5091564;5817785;21519529;1218388;5218440;18794630;1;247151.00;8219.00;0.9667;true;64297;false;false
AllConstraints;v4;i22;5;69793;0.189;973.68;3017.22;3017.22;true;10.86;7616671;8694578;32236111;1856501;8248791;29479466;0;;25135.00;;;;false;false
AllConstraints;v4;i22;6;33376;0.223;1551.34;-1.00;1551.34;false;9.90;7835323;9214631;33537629;1857649;7824972;27934202;0;;25118.00;;;;false;false
AllConstraints;v4;i22;7;33376;0.196;1556.25;-1.00;1556.25;false;9.92;7835323;9214631;33537629;1857648;7824971;27934200;0;;25108.00;;;;false;false
AllConstraints;v4;i23;5;116534;0.276;1630.05;5081.25;5081.25;true;38.21;12939695;14400534;53760445;2677222;13893539;50390527;0;;;;;;false;true
AllConstraints;v4;i23;6;50606;0.209;2533.38;-1.00;2533.38;false;16.60;13210138;15018178;55296173;2652279;12226286;44238481;0;;205.00;;;;false;false
AllConstraints;v4;i23;7;50606;0.191;2548.18;-1.00;2548.18;false;16.68;13210138;15018178;55296173;2652279;12226286;44238481;0;;205.00;;;;false;false
AllConstraints;v4;i24;5;0;0.224;2168.13;-1.00;2168.13;false;;;;;;;;0;;;;;;true;true
AllConstraints;v4;i24;6;70379;0.215;3305.18;-1.00;3305.18;false;21.32;17332709;19819382;70638367;3349983;16351559;58361159;0;;;;;;false;true
AllConstraints;v4;i24;7;70379;0.217;3280.03;-1.00;3280.03;false;21.37;17332709;19819382;70638367;3349982;16351558;58361157;0;;;;;;false;true
AllConstraints;v4;i24;8;70379;0.193;3236.44;-1.00;3236.44;false;21.37;17332709;19819382;70638367;3349983;16351559;58361159;0;;;;;;false;true
AllConstraints;v4;i25;5;42259;0.204;586.05;1847.73;1847.73;true;6.66;4935213;5601343;19751633;1178804;4968626;17402268;1;124557.00;4488.00;0.964;true;33876;false;false
AllConstraints;v4;i25;6;20747;0.22;928.69;-1.00;928.69;false;5.87;4983068;5723695;20057740;1179802;4970824;17409706;1;123645.00;4488.00;0.9637;true;32899;false;false
AllConstraints;v4;i25;7;20747;0.206;929.09;-1.00;929.09;false;5.91;4983068;5723695;20057740;1179802;4970824;17409706;1;123645.00;4488.00;0.9637;true;32899;false;false
AllConstraints;v4;i26;5;132551;0.19;1853.49;7222.27;7222.27;true;41.30;14603030;16429990;60941213;2922814;15749453;57155729;0;;;;;;false;true
AllConstraints;v4;i26;6;57598;0.198;2883.14;-1.00;2883.14;false;18.82;14886229;17085138;62562124;2917904;14292930;51583408;0;;;;;;false;true
AllConstraints;v4;i26;7;57598;0.193;2859.43;-1.00;2859.43;false;18.91;14886229;17085138;62562124;2917904;14292930;51583408;0;;;;;;false;true
AllConstraints;v4;i27;5;0;0.217;2084.68;-1.00;2084.68;false;;;;;;;;0;;;;;;true;true
AllConstraints;v4;i27;6;69828;0.216;3269.76;-1.00;3269.76;false;21.85;17292649;19614293;73070806;3246267;16653115;60665366;0;;;;;;false;true
AllConstraints;v4;i27;7;69828;0.225;3208.53;-1.00;3208.53;false;21.45;17292649;19614293;73070806;3246267;16653115;60665366;0;;;;;;false;true
AllConstraints;v4;i27;8;69828;0.196;3179.98;-1.00;3179.98;false;21.32;17292649;19614293;73070806;3246267;16653115;60665366;0;;;;;;false;true
AllConstraints;v4;i28;5;69667;0.221;926.38;2845.97;2845.97;true;10.90;7326149;8462703;30010621;1737429;8588488;30057681;0;;65888.00;;;;false;false
AllConstraints;v4;i28;6;29554;0.213;1508.22;-1.00;1508.22;false;10.49;7671490;9025252;31369128;1748983;7583238;26493241;0;;9223.00;;;;false;false
AllConstraints;v4;i28;7;29554;0.214;1500.93;-1.00;1500.93;false;10.45;7671490;9025252;31369128;1748983;7583238;26493241;0;;65887.00;;;;false;false
AllConstraints;v4;i29;5;50780;0.214;680.07;2140.24;2140.24;true;7.71;5779312;6596059;23029419;1329799;5830413;20243591;1;111875.00;6413.00;0.9427;true;62000;false;false
AllConstraints;v4;i29;6;22251;0.185;1102.61;-1.00;1102.61;false;7.21;5841522;6725215;23349751;1332990;5840668;20283051;1;114869.00;6412.0499;0.9442;true;64263;false;false
AllConstraints;v4;i29;7;22251;0.182;1084.87;-1.00;1084.87;false;7.13;5841522;6725215;23349751;1332990;5840668;20283051;1;114869.00;6412.0499;0.9442;true;64263;false;false
AllConstraints;v4;i30;5;75356;0.189;974.90;3028.88;3028.88;true;11.56;7824267;8996668;32087101;1835583;9161455;32228576;0;;3607.00;;;;false;false
AllConstraints;v4;i30;6;31314;0.188;1605.66;-1.00;1605.66;false;10.81;8090421;9505617;33335023;1832967;8035810;28176909;0;;555.00;;;;false;false
AllConstraints;v4;i30;7;31314;0.19;1580.30;-1.00;1580.30;false;10.60;8090423;9505619;33335029;1832967;8035810;28176909;0;;20477.00;;;;false;false